satellite_id,hour,hours_since_upload,clock_error_ns,ephemeris_error_m
G01,0,0,0.2164,0.2652
G01,1,1,0.6177,1.5289
G01,2,0,-0.4305,2.5843
G01,3,1,-0.9451,3.6252
G01,4,0,0.658,2.5885
G01,5,1,0.7612,1.7545
G01,6,0,-0.5078,-0.2289
G01,7,1,0.6175,-1.1111
G01,8,0,2.0345,-2.5334
G01,9,1,1.2128,-3.3778
G01,10,0,-0.4029,-2.8715
G01,11,1,1.3562,-2.2797
G01,12,0,-0.7171,-0.7042
G01,13,1,0.7293,1.0545
G01,14,0,-0.0904,2.5228
G01,15,1,0.1746,3.563
G01,16,0,2.2542,3.534
G01,17,1,1.3376,2.6864
G01,18,0,-0.6699,0.5689
G01,19,1,1.7805,-0.7751
G01,20,0,-0.9192,-2.4112
G01,21,1,0.3165,-3.0427
G01,22,0,0.5889,-3.0562
G01,23,1,1.899,-2.3748
G01,24,0,-0.0106,-1.4607
G01,25,1,0.0487,0.6936
G01,26,0,0.0247,1.8102
G01,27,1,2.1453,2.8126
G01,28,0,0.8223,3.4024
G01,29,1,0.4384,2.8448
G01,30,0,0.9419,1.8056
G01,31,1,2.4151,0.1161
G01,32,0,2.8147,-1.878
G01,33,1,0.959,-2.8046
G01,34,0,-0.8875,-3.0533
G01,35,1,1.9811,-2.9233
G01,36,0,-0.1894,-2.273
G01,37,1,0.6811,-0.0648
G01,38,0,0.073,1.2266
G01,39,1,1.6944,3.0045
G01,40,0,0.4494,3.3784
G01,41,1,2.3817,3.2082
G01,42,0,0.0227,2.3223
G01,43,1,1.1316,0.593
G01,44,0,1.2626,-1.1041
G01,45,1,-0.7156,-2.2954
G01,46,0,-0.0192,-3.3078
G01,47,1,1.7067,-3.2085
G01,48,0,0.4667,-2.9199
G01,49,1,0.6369,-0.5443
G01,50,0,0.2981,0.2669
G01,51,1,0.549,1.9867
G01,52,0,0.4044,3.0222
G01,53,1,0.882,3.3365
G01,54,0,0.7079,2.541
G01,55,1,0.96,1.2156
G01,56,0,0.6135,-0.3795
G01,57,1,2.013,-2.1881
G01,58,0,-0.2387,-2.8052
G01,59,1,0.8089,-2.9101
G01,60,0,1.4645,-2.4372
G01,61,1,0.7602,-1.5068
G01,62,0,0.0049,0.2875
G01,63,1,2.7788,1.9354
G01,64,0,0.4071,2.7545
G01,65,1,1.9713,3.0569
G01,66,0,0.8284,2.7281
G01,67,1,1.9617,1.8697
G01,68,0,0.124,0.0551
G01,69,1,1.2165,-1.1634
G01,70,0,1.2469,-2.5261
G01,71,1,2.5631,-2.5827
G01,72,0,0.1984,-3.1581
G01,73,1,0.4015,-1.7659
G01,74,0,1.47,-0.8448
G01,75,1,2.0095,1.4184
G01,76,0,0.6505,2.6738
G01,77,1,1.6786,2.968
G01,78,0,1.3011,3.5566
G01,79,1,2.1251,2.173
G01,80,0,-0.0824,0.6443
G01,81,1,2.1651,-0.3453
G01,82,0,0.8416,-1.9674
G01,83,1,0.9078,-3.055
G01,84,0,-0.5371,-3.4843
G01,85,1,2.2743,-2.6077
G01,86,0,1.4752,-1.1141
G01,87,1,3.7257,0.4747
G01,88,0,-0.5405,1.9457
G01,89,1,0.8714,3.3242
G01,90,0,0.595,3.2857
G01,91,1,1.5343,3.0345
G01,92,0,0.2242,1.7609
G01,93,1,2.4538,-0.1077
G01,94,0,-0.1305,-1.8103
G01,95,1,2.2061,-2.7878
G01,96,0,1.0885,-2.8659
G01,97,1,1.8471,-3.1201
G01,98,0,1.4324,-1.8296
G01,99,1,2.357,0.0649
G01,100,0,-0.1186,1.7427
G01,101,1,2.3949,2.5693
G01,102,0,0.8736,3.3695
G01,103,1,1.7241,3.3746
G01,104,0,1.7645,2.1128
G01,105,1,2.75,0.9043
G01,106,0,0.8426,-1.0242
G01,107,1,0.8369,-2.8105
G01,108,0,0.803,-3.4672
G01,109,1,1.7123,-3.2931
G01,110,0,-0.6992,-2.2637
G01,111,1,1.4341,-0.8482
G01,112,0,0.0075,0.6624
G01,113,1,2.9779,2.3148
G01,114,0,1.1386,2.8172
G01,115,1,3.6329,3.8115
G01,116,0,1.7821,2.798
G01,117,1,1.8048,1.4002
G01,118,0,1.5501,-0.5875
G01,119,1,1.4609,-2.361
G01,120,0,0.1516,-2.5913
G01,121,1,1.5589,-3.3535
G01,122,0,1.0089,-3.2009
G01,123,1,2.5636,-1.1546
G01,124,0,1.0675,0.5239
G01,125,1,0.8143,2.2291
G01,126,0,0.2209,2.5377
G01,127,1,1.6715,3.8703
G01,128,0,0.7849,2.7026
G01,129,1,0.864,1.8466
G01,130,0,-0.7343,-0.0989
G01,131,1,3.077,-1.0034
G01,132,0,0.7254,-2.8134
G01,133,1,1.9384,-2.6388
G01,134,0,1.1515,-2.8486
G01,135,1,1.7486,-2.0273
G01,136,0,1.3518,-0.5396
G01,137,1,0.4469,1.4779
G01,138,0,0.3856,3.0359
G01,139,1,2.4631,3.3163
G01,140,0,1.2156,3.1681
G01,141,1,1.5659,2.4459
G01,142,0,1.5737,0.7755
G01,143,1,1.4731,-0.8156
G01,144,0,1.6381,-1.8666
G01,145,1,2.2488,-2.9554
G01,146,0,0.4243,-3.0437
G01,147,1,2.4084,-2.7025
G01,148,0,-0.4611,-1.5335
G01,149,1,1.4742,0.7999
G01,150,0,2.1415,1.8759
G01,151,1,1.6893,3.1553
G01,152,0,0.9594,3.5625
G01,153,1,1.6124,3.0643
G01,154,0,0.777,1.7409
G01,155,1,1.8204,-0.2241
G01,156,0,2.4577,-1.4352
G01,157,1,0.6536,-2.9522
G01,158,0,1.9217,-3.6436
G01,159,1,2.6531,-2.7117
G01,160,0,0.4579,-1.8075
G01,161,1,0.4475,0.2949
G01,162,0,0.7728,1.632
G01,163,1,2.5565,3.1108
G01,164,0,0.689,3.3611
G01,165,1,2.5266,3.3578
G01,166,0,1.9325,1.9504
G01,167,1,1.5905,0.9573
G01,168,0,-0.5295,-0.7013
G01,169,1,1.8837,-2.4481
G01,170,0,0.5334,-3.2652
G01,171,1,3.1161,-2.9378
G01,172,0,1.457,-2.302
G01,173,1,1.0222,-1.0471
G01,174,0,0.8214,0.9144
G01,175,1,2.2096,2.5725
G01,176,0,1.4672,3.1793
G01,177,1,3.9326,3.4261
G01,178,0,0.7776,3.0398
G01,179,1,3.1113,1.7186
G01,180,0,1.039,-0.2112
G01,181,1,1.0666,-1.7536
G01,182,0,1.0152,-3.4014
G01,183,1,3.0062,-3.7413
G01,184,0,-0.333,-2.6575
G01,185,1,2.6611,-1.1919
G01,186,0,1.7378,0.5233
G01,187,1,2.7735,1.7494
G01,188,0,1.1179,2.8221
G01,189,1,2.4722,3.0919
G01,190,0,1.4518,2.9033
G01,191,1,2.4693,1.9093
G01,192,0,-0.7014,-0.0394
G01,193,1,2.1838,-1.4061
G01,194,0,1.4136,-2.6383
G01,195,1,3.4562,-3.1781
G01,196,0,0.9823,-3.4897
G01,197,1,1.2319,-1.8674
G01,198,0,2.0597,-0.1236
G01,199,1,1.6636,1.1048
G01,200,0,1.4379,3.0491
G01,201,1,2.4071,3.7144
G01,202,0,1.3943,3.4862
G01,203,1,3.1265,2.4026
G01,204,0,0.4838,0.7831
G01,205,1,3.4976,-0.5359
G01,206,0,0.9513,-2.3708
G01,207,1,1.0135,-2.743
G01,208,0,1.987,-3.3011
G01,209,1,2.5232,-3.0567
G01,210,0,0.9351,-0.8207
G01,211,1,3.1416,0.6266
G01,212,0,1.3136,2.2363
G01,213,1,2.1749,2.6681
G01,214,0,1.3327,3.4199
G01,215,1,3.276,2.4116
G01,216,0,1.2547,1.4566
G01,217,1,1.5642,0.0195
G01,218,0,1.942,-1.8297
G01,219,1,4.024,-2.9411
G01,220,0,1.0287,-3.4548
G01,221,1,1.8108,-3.0118
G01,222,0,0.2756,-1.8173
G01,223,1,2.5001,-0.7235
G01,224,0,1.321,1.473
G01,225,1,2.8671,3.0967
G01,226,0,2.0726,3.1497
G01,227,1,1.9096,3.2633
G01,228,0,1.0007,1.7178
G01,229,1,4.3339,0.4741
G01,230,0,0.9517,-1.7311
G01,231,1,3.1657,-2.7359
G01,232,0,1.4722,-3.0078
G01,233,1,1.7642,-3.106
G01,234,0,2.644,-2.9373
G01,235,1,1.9021,-1.0192
G01,236,0,1.3301,0.8257
G01,237,1,1.7202,2.1757
G01,238,0,0.888,3.0868
G01,239,1,2.7248,3.5496
G01,240,0,2.3183,2.6939
G01,241,1,1.8904,1.1988
G01,242,0,3.3535,-0.246
G01,243,1,2.239,-1.5801
G01,244,0,1.2241,-3.2392
G01,245,1,3.6753,-3.6055
G01,246,0,0.0536,-2.4798
G01,247,1,2.627,-1.3726
G01,248,0,1.2698,0.1185
G01,249,1,2.2629,1.6583
G01,250,0,1.2664,2.8098
G01,251,1,1.9881,3.2369
G01,252,0,-0.3655,3.0837
G01,253,1,2.9456,1.7755
G01,254,0,1.7715,0.2237
G01,255,1,2.0942,-1.572
G01,256,0,2.0096,-2.6891
G01,257,1,4.2524,-2.8398
G01,258,0,2.3359,-3.2522
G01,259,1,2.2428,-2.235
G01,260,0,1.8419,-1.2025
G01,261,1,2.3375,1.1466
G01,262,0,0.4556,2.7507
G01,263,1,1.8223,3.3867
G01,264,0,3.8084,2.7472
G01,265,1,2.6029,2.2193
G01,266,0,1.1958,1.0094
G01,267,1,3.5884,-0.6076
G01,268,0,1.1142,-1.6751
G01,269,1,1.3705,-3.4064
G01,270,0,1.8191,-3.2325
G01,271,1,3.134,-2.0429
G01,272,0,1.6071,-1.0985
G01,273,1,2.3071,0.739
G01,274,0,1.4656,1.9793
G01,275,1,3.202,3.3942
G01,276,0,0.0129,3.4041
G01,277,1,2.5836,3.0124
G01,278,0,1.5436,1.777
G01,279,1,2.2811,-0.7389
G01,280,0,2.5654,-2.0131
G01,281,1,1.5928,-2.8749
G01,282,0,1.5771,-3.1138
G01,283,1,3.5225,-2.8178
G01,284,0,1.089,-1.6532
G01,285,1,2.9711,0.0701
G01,286,0,1.1092,1.3974
G01,287,1,3.2505,3.1336
G01,288,0,2.5489,3.3384
G01,289,1,2.4902,3.1991
G01,290,0,0.9663,1.7897
G01,291,1,4.0512,0.6164
G01,292,0,1.5555,-0.9806
G01,293,1,3.8909,-2.6226
G01,294,0,1.5061,-3.4158
G01,295,1,3.6529,-2.8575
G01,296,0,2.9246,-1.9949
G01,297,1,1.6525,-0.6642
G01,298,0,1.0419,0.7474
G01,299,1,3.0628,2.5993
G01,300,0,1.1843,2.582
G01,301,1,3.083,3.9948
G01,302,0,1.7302,2.5049
G01,303,1,4.3374,1.3119
G01,304,0,2.0681,-0.4409
G01,305,1,3.1621,-2.3299
G01,306,0,0.8724,-2.5862
G01,307,1,3.1231,-3.2306
G01,308,0,1.855,-2.4956
G01,309,1,4.9615,-1.2276
G01,310,0,1.4815,0.1913
G01,311,1,3.836,1.7078
G01,312,0,2.6108,2.3308
G01,313,1,2.8398,3.5443
G01,314,0,2.9473,2.6669
G01,315,1,1.8654,1.6906
G01,316,0,1.1024,0.0675
G01,317,1,3.0379,-1.8188
G01,318,0,2.6112,-2.8102
G01,319,1,3.8933,-3.7529
G01,320,0,1.2113,-2.8983
G01,321,1,2.4485,-1.9791
G01,322,0,2.013,-0.3969
G01,323,1,2.5552,1.3085
G01,324,0,1.4182,2.7473
G01,325,1,3.004,3.3656
G01,326,0,4.0301,2.8653
G01,327,1,4.1822,1.5951
G01,328,0,0.4385,0.4403
G01,329,1,2.2051,-0.8003
G01,330,0,2.2872,-2.413
G01,331,1,3.0144,-3.0099
G01,332,0,2.721,-3.5943
G01,333,1,2.8625,-2.4457
G01,334,0,2.4638,-1.2884
G01,335,1,3.0864,0.6371
G01,336,0,1.5538,1.9073
G01,337,1,3.2446,3.1056
G01,338,0,2.5005,3.0277
G01,339,1,2.9087,2.6771
G01,340,0,2.756,1.1478
G01,341,1,3.375,-0.1325
G01,342,0,3.414,-2.094
G01,343,1,2.696,-3.1464
G01,344,0,0.8553,-2.8659
G01,345,1,2.2555,-3.0344
G01,346,0,3.1827,-2.1496
G01,347,1,3.817,-0.4048
G01,348,0,3.1416,0.9734
G01,349,1,1.8835,2.6885
G01,350,0,2.941,3.3124
G01,351,1,2.9953,3.4277
G01,352,0,3.8711,2.1441
G01,353,1,2.7851,0.3563
G01,354,0,1.2135,-1.2139
G01,355,1,2.017,-2.3899
G01,356,0,3.78,-3.0907
G01,357,1,2.9293,-2.9602
G01,358,0,3.494,-1.814
G01,359,1,2.5273,-0.5599
G01,360,0,2.1274,1.1372
G01,361,1,3.6155,1.7903
G01,362,0,1.9927,3.2567
G01,363,1,2.2184,3.4435
G01,364,0,1.0933,2.2528
G01,365,1,4.3831,0.8823
G01,366,0,2.7325,-1.0617
G01,367,1,4.9693,-2.1459
G01,368,0,2.3739,-3.0512
G01,369,1,3.8391,-3.6498
G01,370,0,2.3084,-2.8467
G01,371,1,2.0705,-1.065
G01,372,0,2.0519,0.3351
G01,373,1,3.5325,1.8107
G01,374,0,3.8689,2.9484
G01,375,1,2.1976,3.2733
G01,376,0,2.7375,2.9984
G01,377,1,2.5746,1.9639
G01,378,0,0.9956,0.3616
G01,379,1,2.4076,-1.5722
G01,380,0,3.2004,-2.7625
G01,381,1,4.0763,-3.1098
G01,382,0,3.3848,-2.7362
G01,383,1,3.1037,-1.7333
G01,384,0,1.2164,-0.4087
G01,385,1,4.1027,1.3465
G01,386,0,2.7588,2.543
G01,387,1,4.356,3.3117
G01,388,0,2.0641,3.3737
G01,389,1,2.4036,2.3907
G01,390,0,1.6292,1.0571
G01,391,1,3.3032,-0.8619
G01,392,0,2.7699,-2.8844
G01,393,1,3.0136,-2.8869
G01,394,0,3.1353,-3.1615
G01,395,1,2.4842,-2.2433
G01,396,0,3.0281,-1.0304
G01,397,1,4.4915,0.4944
G01,398,0,2.0922,1.4814
G01,399,1,4.2688,3.2388
G01,400,0,1.196,2.8367
G01,401,1,2.8915,2.9186
G01,402,0,2.2796,1.1422
G01,403,1,2.8005,-0.5198
G01,404,0,1.0257,-2.1842
G01,405,1,2.763,-2.742
G01,406,0,2.409,-3.5442
G01,407,1,5.3964,-2.9712
G01,408,0,3.4549,-1.225
G01,409,1,2.4008,0.0307
G01,410,0,2.1612,1.4256
G01,411,1,4.0612,2.6927
G01,412,0,2.1904,3.2795
G01,413,1,3.3535,2.7473
G01,414,0,3.2046,2.2061
G01,415,1,3.922,0.3222
G01,416,0,2.0532,-1.4669
G01,417,1,5.4959,-2.3169
G01,418,0,1.9611,-3.2434
G01,419,1,3.3995,-2.9303
G01,420,0,3.0464,-1.9079
G01,421,1,3.0336,-0.6221
G01,422,0,1.2818,0.639
G01,423,1,4.3911,2.1944
G01,424,0,1.998,3.2144
G01,425,1,4.2567,3.002
G01,426,0,-0.0364,2.2032
G01,427,1,4.6654,1.1613
G01,428,0,3.7015,-0.943
G01,429,1,2.4719,-1.9794
G01,430,0,2.8736,-3.0343
G01,431,1,4.479,-3.1343
G01,432,0,3.0145,-2.459
G01,433,1,4.1576,-1.0576
G01,434,0,3.4945,0.7185
G01,435,1,3.2772,2.0622
G01,436,0,2.4379,2.7625
G01,437,1,3.2584,3.5065
G01,438,0,3.0618,2.9403
G01,439,1,3.6306,1.6816
G01,440,0,3.3841,-0.3748
G01,441,1,3.8372,-1.529
G01,442,0,3.3466,-3.1725
G01,443,1,4.9898,-3.2189
G01,444,0,2.9817,-3.1008
G01,445,1,4.2602,-1.8499
G01,446,0,3.7249,-0.7267
G01,447,1,3.9917,1.4603
G01,448,0,2.6555,2.5208
G01,449,1,3.5866,3.386
G01,450,0,1.4091,3.379
G01,451,1,3.5083,2.2587
G01,452,0,3.1096,0.5395
G01,453,1,3.7915,-1.4747
G01,454,0,3.4052,-2.1261
G01,455,1,2.5867,-3.2791
G01,456,0,1.8964,-3.2714
G01,457,1,4.421,-2.107
G01,458,0,3.7323,-0.6557
G01,459,1,3.7581,0.4172
G01,460,0,2.7862,2.3341
G01,461,1,2.9915,3.6081
G01,462,0,3.5837,3.2374
G01,463,1,3.4044,2.5072
G01,464,0,2.9575,1.2516
G01,465,1,4.705,-0.3791
G01,466,0,3.3044,-1.9123
G01,467,1,4.1897,-3.0017
G01,468,0,3.4737,-3.1359
G01,469,1,4.3497,-2.6138
G01,470,0,2.2053,-1.5261
G01,471,1,4.9741,0.1855
G01,472,0,2.1508,1.6094
G01,473,1,4.3088,2.6815
G01,474,0,1.9094,3.2432
G01,475,1,3.4562,3.0317
G01,476,0,1.7411,2.0421
G01,477,1,3.551,0.6373
G01,478,0,2.7728,-1.3306
G01,479,1,3.9214,-2.7714
G01,480,0,4.9169,-3.4237
G01,481,1,4.8617,-3.3548
G01,482,0,3.301,-2.0323
G01,483,1,4.0618,-0.7551
G01,484,0,2.8208,0.9064
G01,485,1,5.9555,2.4692
G01,486,0,3.4445,3.6956
G01,487,1,3.4261,3.2789
G01,488,0,2.8413,2.3778
G01,489,1,3.9793,0.836
G01,490,0,3.214,-0.9692
G01,491,1,4.8973,-1.9715
G01,492,0,2.6924,-3.247
G01,493,1,4.3567,-3.4476
G01,494,0,4.4924,-2.525
G01,495,1,4.4605,-1.0622
G01,496,0,2.6507,0.6474
G01,497,1,4.2569,2.2226
G01,498,0,2.959,3.3468
G01,499,1,4.4917,3.9469
G01,500,0,2.8385,2.8649
G01,501,1,3.3932,1.5022
G01,502,0,3.6172,0.2671
G01,503,1,6.5045,-1.6175
G01,504,0,2.4264,-2.6444
G01,505,1,3.3436,-3.1291
G01,506,0,2.7731,-2.9198
G01,507,1,5.0765,-1.8543
G01,508,0,3.8983,-0.0743
G01,509,1,2.7975,1.1581
G01,510,0,1.9765,3.1799
G01,511,1,4.1738,3.8141
G01,512,0,1.9339,2.9595
G01,513,1,4.8887,2.2377
G01,514,0,3.6257,0.304
G01,515,1,5.3481,-0.7799
G01,516,0,3.5364,-2.6205
G01,517,1,4.5441,-3.26
G01,518,0,1.9578,-3.2264
G01,519,1,4.184,-2.0559
G01,520,0,1.5175,-0.8946
G01,521,1,3.4221,0.8463
G01,522,0,3.5527,2.1794
G01,523,1,4.9565,2.861
G01,524,0,4.1339,3.0986
G01,525,1,3.1367,2.5834
G01,526,0,1.663,1.3368
G01,527,1,4.1545,-0.0104
G01,528,0,3.8031,-2.307
G01,529,1,3.718,-2.8243
G01,530,0,3.9693,-3.002
G01,531,1,5.3222,-2.7725
G01,532,0,3.6062,-1.2303
G01,533,1,4.1579,0.2015
G01,534,0,3.0841,1.5173
G01,535,1,4.4431,2.7234
G01,536,0,3.2485,3.0564
G01,537,1,4.2707,3.1328
G01,538,0,2.906,1.8589
G01,539,1,4.5386,0.4496
G01,540,0,3.2714,-1.0805
G01,541,1,2.8141,-1.8473
G01,542,0,2.7121,-3.1941
G01,543,1,3.7279,-2.8826
G01,544,0,3.6144,-2.294
G01,545,1,5.3001,-0.6038
G01,546,0,3.8368,0.8146
G01,547,1,4.4566,3.0316
G01,548,0,4.1716,3.3196
G01,549,1,4.145,3.2749
G01,550,0,3.5907,2.4867
G01,551,1,3.6708,1.16
G01,552,0,2.6052,-0.3066
G01,553,1,3.9198,-2.0912
G01,554,0,4.2418,-3.2116
G01,555,1,4.7946,-2.854
G01,556,0,3.9126,-2.4974
G01,557,1,3.2367,-1.4441
G01,558,0,4.2992,0.5562
G01,559,1,5.115,2.1768
G01,560,0,4.5,2.9519
G01,561,1,4.6615,3.1013
G01,562,0,2.5216,2.3553
G01,563,1,3.8942,2.0085
G01,564,0,2.3211,-0.1542
G01,565,1,3.5904,-1.7891
G01,566,0,3.6691,-3.0491
G01,567,1,5.4504,-2.8762
G01,568,0,1.8061,-3.134
G01,569,1,4.6639,-1.4921
G01,570,0,3.2103,-0.2635
G01,571,1,3.7337,1.0338
G01,572,0,4.6957,2.2031
G01,573,1,6.4486,3.5432
G01,574,0,4.1147,3.2443
G01,575,1,4.4596,2.2586
G01,576,0,3.4535,0.7337
G01,577,1,4.6419,-1.2761
G01,578,0,2.9375,-2.7294
G01,579,1,5.4334,-3.3561
G01,580,0,2.1424,-3.0969
G01,581,1,5.8674,-2.1
G01,582,0,3.1697,-1.3293
G01,583,1,4.6015,0.7649
G01,584,0,2.8985,2.3805
G01,585,1,6.1499,3.2611
G01,586,0,3.7869,3.0307
G01,587,1,5.8141,2.6067
G01,588,0,3.2261,1.2448
G01,589,1,5.109,-0.3425
G01,590,0,4.6227,-1.8776
G01,591,1,4.5354,-2.8747
G01,592,0,4.0874,-3.6597
G01,593,1,5.6593,-2.8031
G01,594,0,3.499,-1.3339
G01,595,1,5.3599,-0.0367
G01,596,0,4.3475,1.5539
G01,597,1,6.2039,2.7096
G01,598,0,3.9232,3.1241
G01,599,1,6.5289,2.6694
G01,600,0,4.1566,1.6258
G01,601,1,4.5435,0.4047
G01,602,0,4.712,-0.9806
G01,603,1,3.6389,-2.5748
G01,604,0,4.9066,-3.7479
G01,605,1,5.0868,-3.0354
G01,606,0,4.1089,-2.2908
G01,607,1,3.7424,-1.0182
G01,608,0,4.557,1.3878
G01,609,1,5.1027,2.3961
G01,610,0,2.5541,3.3969
G01,611,1,4.0271,3.058
G01,612,0,3.3702,2.2849
G01,613,1,4.3045,0.9499
G01,614,0,3.3554,-0.5947
G01,615,1,5.705,-2.1742
G01,616,0,4.2087,-2.6042
G01,617,1,4.0089,-3.5462
G01,618,0,4.4014,-2.0512
G01,619,1,4.7286,-0.7039
G01,620,0,3.9498,0.2728
G01,621,1,4.1749,2.2117
G01,622,0,3.1781,3.0606
G01,623,1,6.1833,3.2872
G01,624,0,4.9188,2.4429
G01,625,1,4.5541,1.1917
G01,626,0,3.9691,0.0849
G01,627,1,5.0389,-1.3484
G01,628,0,3.3441,-2.8291
G01,629,1,4.5841,-3.1848
G01,630,0,4.3281,-2.7808
G01,631,1,4.1755,-1.9832
G01,632,0,3.4039,-0.2758
G01,633,1,5.0857,1.6629
G01,634,0,3.3049,2.2882
G01,635,1,6.702,3.0614
G01,636,0,4.6234,3.0845
G01,637,1,5.2379,2.1201
G01,638,0,3.6891,0.6656
G01,639,1,4.7155,-0.7634
G01,640,0,4.4407,-2.344
G01,641,1,4.6749,-3.266
G01,642,0,3.0914,-3.2808
G01,643,1,4.2768,-1.926
G01,644,0,4.0642,-0.8245
G01,645,1,4.9185,0.9026
G01,646,0,5.9487,2.1905
G01,647,1,4.6013,3.3561
G01,648,0,2.0917,3.2851
G01,649,1,4.8298,2.3371
G01,650,0,4.4562,1.2001
G01,651,1,3.733,-0.5936
G01,652,0,1.8356,-1.9376
G01,653,1,5.3627,-3.2067
G01,654,0,4.5063,-3.6522
G01,655,1,4.4062,-2.5894
G01,656,0,3.566,-1.5071
G01,657,1,4.731,0.0846
G01,658,0,3.8278,1.5543
G01,659,1,5.4151,2.7847
G01,660,0,4.1372,3.1387
G01,661,1,4.0034,3.2122
G01,662,0,4.5248,2.3812
G01,663,1,4.3961,0.1857
G01,664,0,4.0504,-1.1879
G01,665,1,4.8249,-2.9787
G01,666,0,5.099,-3.3939
G01,667,1,5.9118,-2.8175
G01,668,0,4.1518,-2.0984
G01,669,1,4.9395,-0.4755
G01,670,0,4.8567,0.9318
G01,671,1,5.34,2.2726
G01,672,0,3.4292,3.2506
G01,673,1,3.7482,3.7723
G01,674,0,3.2875,2.2937
G01,675,1,6.1863,0.6709
G01,676,0,2.4396,-0.9394
G01,677,1,4.6148,-2.8331
G01,678,0,4.4584,-3.1196
G01,679,1,6.1913,-3.508
G01,680,0,3.0101,-2.6395
G01,681,1,5.2496,-0.8729
G01,682,0,5.3562,0.815
G01,683,1,5.545,2.2923
G01,684,0,3.7784,3.1017
G01,685,1,4.4194,3.3799
G01,686,0,4.3562,3.1879
G01,687,1,5.178,1.544
G01,688,0,4.4837,-0.2844
G01,689,1,4.7458,-1.3682
G01,690,0,3.5519,-3.259
G01,691,1,5.908,-2.9762
G01,692,0,3.975,-3.0263
G01,693,1,5.6121,-1.8972
G01,694,0,3.7314,0.0629
G01,695,1,5.8763,1.8619
G01,696,0,3.3788,2.6026
G01,697,1,5.6361,3.1203
G01,698,0,4.86,3.38
G01,699,1,4.9782,2.0949
G01,700,0,5.5036,0.9713
G01,701,1,6.0213,-0.9563
G01,702,0,3.7255,-2.4367
G01,703,1,5.8873,-3.2685
G01,704,0,3.9388,-3.5111
G01,705,1,4.1207,-2.749
G01,706,0,4.8618,-0.7867
G01,707,1,5.1054,0.8076
G01,708,0,4.5882,2.259
G01,709,1,4.4537,3.4703
G01,710,0,4.6733,3.3291
G01,711,1,6.155,2.3545
G01,712,0,5.3911,1.1067
G01,713,1,6.207,-0.276
G01,714,0,3.6571,-1.9185
G01,715,1,5.7835,-3.0085
G01,716,0,4.4018,-3.3337
G01,717,1,6.1732,-2.5214
G01,718,0,4.5111,-1.8415
G01,719,1,5.9389,0.4275
G02,0,0,0.4484,0.1624
G02,1,1,2.0872,1.8121
G02,2,0,-0.0699,1.9761
G02,3,1,1.2077,2.4407
G02,4,0,-0.3205,2.4137
G02,5,1,2.3385,1.1269
G02,6,0,-0.6743,-0.4351
G02,7,1,2.0693,-2.1758
G02,8,0,-0.0298,-2.6976
G02,9,1,0.9025,-2.2852
G02,10,0,-0.0095,-1.5382
G02,11,1,0.8539,-0.4317
G02,12,0,0.5049,1.0581
G02,13,1,2.4224,2.2353
G02,14,0,0.2212,3.1681
G02,15,1,0.5629,1.6351
G02,16,0,-0.808,1.7204
G02,17,1,1.0912,0.8066
G02,18,0,-0.2233,-1.6681
G02,19,1,2.3499,-1.7192
G02,20,0,1.352,-2.1805
G02,21,1,2.0541,-1.6366
G02,22,0,0.6008,-0.8221
G02,23,1,0.9701,0.9932
G02,24,0,0.0487,1.9935
G02,25,1,1.8841,3.2141
G02,26,0,0.2151,3.1104
G02,27,1,0.8026,1.4104
G02,28,0,-0.2516,-0.8333
G02,29,1,1.4454,-1.5094
G02,30,0,1.0883,-2.2452
G02,31,1,0.8975,-1.9086
G02,32,0,0.9267,-1.891
G02,33,1,1.3848,-1.2314
G02,34,0,-0.009,1.1255
G02,35,1,2.6538,2.7002
G02,36,0,-0.066,2.235
G02,37,1,1.6285,1.895
G02,38,0,0.4298,1.624
G02,39,1,1.2797,-0.372
G02,40,0,0.5557,-1.478
G02,41,1,0.8733,-3.549
G02,42,0,0.2461,-2.0153
G02,43,1,2.5708,-2.4592
G02,44,0,-0.0834,-0.9483
G02,45,1,1.0004,0.5496
G02,46,0,0.7435,2.2989
G02,47,1,1.5475,2.5991
G02,48,0,-0.2226,2.3339
G02,49,1,1.4848,2.1181
G02,50,0,0.8562,0.2078
G02,51,1,2.5205,-1.046
G02,52,0,0.3123,-2.5281
G02,53,1,0.2018,-2.334
G02,54,0,0.7761,-2.5836
G02,55,1,1.697,-1.1404
G02,56,0,-0.58,-0.1491
G02,57,1,2.1423,1.055
G02,58,0,0.5372,1.9518
G02,59,1,1.9597,2.7781
G02,60,0,-0.5863,2.6107
G02,61,1,1.2574,0.5412
G02,62,0,0.5069,-0.2093
G02,63,1,1.1025,-1.9428
G02,64,0,0.6552,-2.4242
G02,65,1,1.8246,-2.6912
G02,66,0,-0.0801,-1.6197
G02,67,1,1.094,-1.4139
G02,68,0,0.6848,1.6701
G02,69,1,0.3383,2.0147
G02,70,0,0.806,3.6458
G02,71,1,1.7695,2.0332
G02,72,0,0.3411,1.6989
G02,73,1,1.3851,-0.6993
G02,74,0,0.1752,-2.2114
G02,75,1,1.8551,-1.9052
G02,76,0,0.6673,-2.784
G02,77,1,1.6209,-2.4997
G02,78,0,1.0131,-0.5457
G02,79,1,1.6997,2.4263
G02,80,0,0.6778,1.9124
G02,81,1,1.5658,3.3029
G02,82,0,0.5799,1.8333
G02,83,1,2.3792,1.1426
G02,84,0,1.6399,0.3457
G02,85,1,1.5784,-0.9752
G02,86,0,0.5779,-2.1818
G02,87,1,2.1456,-3.0483
G02,88,0,0.167,-1.6509
G02,89,1,1.6704,-0.9219
G02,90,0,-0.006,0.9159
G02,91,1,3.1097,1.6402
G02,92,0,0.5894,3.3282
G02,93,1,1.8472,2.8136
G02,94,0,-0.0448,1.8082
G02,95,1,1.7957,0.6513
G02,96,0,1.3067,-0.2155
G02,97,1,2.2646,-2.225
G02,98,0,0.7282,-2.9181
G02,99,1,2.1336,-2.3475
G02,100,0,0.7253,-0.5168
G02,101,1,1.3455,0.9821
G02,102,0,1.4214,1.7837
G02,103,1,0.6942,2.4494
G02,104,0,1.4219,2.6566
G02,105,1,1.3748,1.6906
G02,106,0,1.1628,0.7079
G02,107,1,1.8399,-1.1577
G02,108,0,0.4418,-2.648
G02,109,1,2.956,-2.8535
G02,110,0,1.4119,-1.7798
G02,111,1,2.6013,-1.4779
G02,112,0,0.9403,0.1422
G02,113,1,1.4817,1.7904
G02,114,0,0.0108,3.0659
G02,115,1,1.7556,2.8672
G02,116,0,0.8936,1.9541
G02,117,1,2.3938,0.611
G02,118,0,1.2561,-1.3456
G02,119,1,2.1323,-1.1945
G02,120,0,0.1546,-3.0218
G02,121,1,2.3755,-2.4299
G02,122,0,0.9712,-1.3863
G02,123,1,2.4599,0.3795
G02,124,0,1.0189,1.2493
G02,125,1,2.4949,3.2917
G02,126,0,0.7086,2.3504
G02,127,1,2.766,2.2484
G02,128,0,-0.4931,1.4039
G02,129,1,1.801,-0.4727
G02,130,0,1.0101,-1.7813
G02,131,1,2.5544,-2.8044
G02,132,0,1.1304,-2.7663
G02,133,1,2.5843,-1.515
G02,134,0,0.2808,0.0252
G02,135,1,1.8381,1.4808
G02,136,0,1.0686,3.06
G02,137,1,2.0366,2.6693
G02,138,0,0.8509,2.2801
G02,139,1,2.6582,0.672
G02,140,0,0.2479,-0.6455
G02,141,1,2.7602,-0.8544
G02,142,0,0.8253,-2.6462
G02,143,1,2.2488,-2.1799
G02,144,0,0.3481,-1.9372
G02,145,1,2.8,-0.4631
G02,146,0,1.0253,1.2352
G02,147,1,0.6232,2.4345
G02,148,0,0.5357,1.9592
G02,149,1,2.5489,3.1766
G02,150,0,0.8557,1.9693
G02,151,1,3.2167,0.7153
G02,152,0,1.9261,-1.0691
G02,153,1,2.3145,-3.0828
G02,154,0,0.8161,-3.1222
G02,155,1,3.5742,-2.2521
G02,156,0,1.0483,-0.7725
G02,157,1,2.3206,1.2937
G02,158,0,0.6169,1.9734
G02,159,1,1.8652,2.1665
G02,160,0,0.6359,2.6288
G02,161,1,2.0641,1.5533
G02,162,0,0.1755,0.3643
G02,163,1,1.4365,-0.7478
G02,164,0,1.0741,-2.9194
G02,165,1,2.1606,-3.04
G02,166,0,1.2275,-1.8191
G02,167,1,1.2411,-1.1778
G02,168,0,0.9547,0.5146
G02,169,1,2.4965,1.3935
G02,170,0,0.8726,2.249
G02,171,1,3.0225,2.7768
G02,172,0,2.2065,1.9869
G02,173,1,1.973,0.0948
G02,174,0,0.0143,-1.52
G02,175,1,2.5661,-1.8537
G02,176,0,0.1589,-2.3633
G02,177,1,2.1321,-2.4134
G02,178,0,2.0721,-1.1496
G02,179,1,2.2723,-0.3967
G02,180,0,-0.1557,1.1118
G02,181,1,2.3189,2.0974
G02,182,0,1.0594,2.7926
G02,183,1,2.3233,1.9773
G02,184,0,1.2504,1.1601
G02,185,1,1.8206,0.092
G02,186,0,1.1038,-1.9102
G02,187,1,2.9036,-2.539
G02,188,0,1.7423,-2.5107
G02,189,1,2.1301,-1.5651
G02,190,0,0.5068,-0.3157
G02,191,1,2.4873,1.1177
G02,192,0,1.1235,1.5179
G02,193,1,2.193,2.86
G02,194,0,1.3076,1.9329
G02,195,1,3.2854,0.9239
G02,196,0,1.802,-0.0846
G02,197,1,2.16,-0.8879
G02,198,0,0.5271,-2.21
G02,199,1,3.1526,-2.9457
G02,200,0,2.0788,-2.0928
G02,201,1,2.7414,-0.4918
G02,202,0,1.1826,1.2268
G02,203,1,3.0544,1.4499
G02,204,0,2.0513,2.0414
G02,205,1,3.2092,3.04
G02,206,0,0.6382,1.3247
G02,207,1,1.949,-0.0126
G02,208,0,1.1167,-1.1187
G02,209,1,3.3995,-1.8404
G02,210,0,0.9779,-2.8453
G02,211,1,1.6302,-2.4742
G02,212,0,1.8993,-0.2478
G02,213,1,1.91,0.3939
G02,214,0,1.3218,2.0649
G02,215,1,2.1753,2.928
G02,216,0,1.068,2.6147
G02,217,1,2.9947,1.7923
G02,218,0,1.1028,0.2774
G02,219,1,2.6295,-1.2985
G02,220,0,1.221,-1.6592
G02,221,1,3.0285,-2.8468
G02,222,0,1.8023,-2.4929
G02,223,1,3.4053,-1.0012
G02,224,0,1.3361,0.4953
G02,225,1,1.7847,1.2942
G02,226,0,0.7019,2.6753
G02,227,1,3.7633,3.7024
G02,228,0,1.8048,2.1729
G02,229,1,1.6727,0.4344
G02,230,0,0.9686,-1.1819
G02,231,1,2.657,-2.3198
G02,232,0,0.272,-2.4354
G02,233,1,2.1311,-2.3417
G02,234,0,2.6969,-1.8592
G02,235,1,1.2761,-0.0626
G02,236,0,2.1303,2.3174
G02,237,1,2.0628,2.7633
G02,238,0,1.2106,2.7068
G02,239,1,4.3809,1.5669
G02,240,0,1.651,1.0993
G02,241,1,3.4658,-0.5418
G02,242,0,1.6958,-2.1394
G02,243,1,2.9923,-2.802
G02,244,0,1.8949,-2.7657
G02,245,1,3.069,-1.6722
G02,246,0,2.2077,-0.3081
G02,247,1,1.8018,1.8128
G02,248,0,1.0109,2.0819
G02,249,1,2.5151,3.4063
G02,250,0,0.2914,3.667
G02,251,1,3.5106,1.3193
G02,252,0,1.5423,-0.2208
G02,253,1,3.2048,-1.429
G02,254,0,1.9182,-2.5886
G02,255,1,2.7897,-2.7075
G02,256,0,1.484,-1.4494
G02,257,1,3.2729,-1.7809
G02,258,0,2.0029,1.0363
G02,259,1,2.921,2.0768
G02,260,0,2.294,3.1616
G02,261,1,2.4846,2.7002
G02,262,0,1.0592,0.8473
G02,263,1,2.5841,0.37
G02,264,0,2.2173,-1.2967
G02,265,1,3.4012,-2.2479
G02,266,0,1.2807,-2.5632
G02,267,1,3.4585,-1.7617
G02,268,0,2.3826,-0.5621
G02,269,1,3.2038,1.1765
G02,270,0,1.6717,1.6235
G02,271,1,2.9101,2.4465
G02,272,0,1.2982,2.5335
G02,273,1,2.548,1.5983
G02,274,0,0.5855,0.3391
G02,275,1,3.0328,-1.5574
G02,276,0,2.1174,-1.9807
G02,277,1,2.0878,-3.045
G02,278,0,1.2797,-2.7098
G02,279,1,3.5508,-1.1721
G02,280,0,1.5926,-0.4734
G02,281,1,3.4478,1.3053
G02,282,0,1.7982,2.7568
G02,283,1,3.8919,2.1763
G02,284,0,-0.0221,1.9832
G02,285,1,4.1662,1.1188
G02,286,0,1.9123,-1.1985
G02,287,1,3.5875,-2.5801
G02,288,0,2.0835,-2.5461
G02,289,1,3.7506,-1.2338
G02,290,0,2.0461,-1.6191
G02,291,1,3.1169,-0.6181
G02,292,0,1.4115,1.3727
G02,293,1,2.8327,2.6484
G02,294,0,1.348,3.2196
G02,295,1,3.1572,2.1545
G02,296,0,1.6548,0.8937
G02,297,1,3.6607,-1.027
G02,298,0,1.4708,-2.1548
G02,299,1,2.3811,-3.0203
G02,300,0,1.5916,-2.209
G02,301,1,3.3509,-1.5166
G02,302,0,2.3939,-0.2687
G02,303,1,3.4395,1.2992
G02,304,0,2.0579,2.1512
G02,305,1,1.7681,2.7617
G02,306,0,2.7593,2.6827
G02,307,1,3.8067,1.6813
G02,308,0,1.9778,-0.3339
G02,309,1,2.877,-1.8969
G02,310,0,2.304,-2.1372
G02,311,1,3.1741,-2.8159
G02,312,0,1.9503,-1.6209
G02,313,1,2.4103,-1.4317
G02,314,0,1.6348,0.5046
G02,315,1,2.9797,2.2251
G02,316,0,1.7052,3.3831
G02,317,1,3.4891,2.6197
G02,318,0,2.3578,0.8841
G02,319,1,3.9256,-0.1059
G02,320,0,2.3991,-2.0351
G02,321,1,2.3948,-2.1503
G02,322,0,2.2365,-3.1205
G02,323,1,2.8145,-1.5541
G02,324,0,1.3171,-0.0913
G02,325,1,2.8086,1.0663
G02,326,0,1.8419,2.3082
G02,327,1,3.0333,2.7088
G02,328,0,2.0744,2.1405
G02,329,1,3.8105,1.4496
G02,330,0,1.9264,-0.2515
G02,331,1,1.8571,-1.3582
G02,332,0,3.5109,-2.0841
G02,333,1,3.3831,-2.8292
G02,334,0,2.1009,-2.0333
G02,335,1,2.7043,-0.5449
G02,336,0,2.5258,0.7616
G02,337,1,3.6806,1.8993
G02,338,0,2.513,2.9131
G02,339,1,3.2214,2.4695
G02,340,0,2.1856,2.5087
G02,341,1,2.7071,-0.1092
G02,342,0,2.2356,-1.0383
G02,343,1,3.5603,-2.1064
G02,344,0,2.0172,-2.132
G02,345,1,2.5168,-2.7264
G02,346,0,2.101,-2.036
G02,347,1,3.3774,0.9195
G02,348,0,2.1874,1.708
G02,349,1,2.7446,2.3509
G02,350,0,1.9642,2.5946
G02,351,1,4.2699,2.3458
G02,352,0,1.5385,0.8594
G02,353,1,3.8161,-0.2453
G02,354,0,3.1532,-2.5091
G02,355,1,3.0495,-3.2203
G02,356,0,2.0857,-2.3541
G02,357,1,4.1322,-1.5695
G02,358,0,2.0471,-0.0694
G02,359,1,3.0601,2.3003
G02,360,0,1.2932,2.5154
G02,361,1,4.774,2.8179
G02,362,0,2.1494,2.092
G02,363,1,3.4747,1.6692
G02,364,0,0.9586,0.1601
G02,365,1,2.7471,-1.9329
G02,366,0,2.032,-2.4206
G02,367,1,2.6559,-2.4062
G02,368,0,3.5048,-2.4009
G02,369,1,3.7325,-0.6603
G02,370,0,2.566,1.1032
G02,371,1,3.2503,2.54
G02,372,0,3.3989,2.6872
G02,373,1,4.073,1.9037
G02,374,0,1.7683,1.5037
G02,375,1,4.5404,0.0017
G02,376,0,2.1637,-1.6409
G02,377,1,2.9254,-2.2701
G02,378,0,2.8876,-2.9158
G02,379,1,3.4023,-1.8692
G02,380,0,2.1151,-0.7458
G02,381,1,4.9443,0.7623
G02,382,0,2.1742,1.8258
G02,383,1,4.15,2.7133
G02,384,0,2.0135,3.1006
G02,385,1,4.5645,1.3499
G02,386,0,1.3016,0.5252
G02,387,1,3.3246,-1.0064
G02,388,0,1.2524,-2.0744
G02,389,1,3.0237,-2.4009
G02,390,0,2.446,-2.628
G02,391,1,3.5148,-0.6565
G02,392,0,2.513,0.7797
G02,393,1,4.9459,1.2809
G02,394,0,3.425,2.7257
G02,395,1,3.2472,2.1251
G02,396,0,2.3624,2.1839
G02,397,1,3.7187,1.0843
G02,398,0,1.6238,-1.1352
G02,399,1,3.0617,-2.0987
G02,400,0,3.0279,-2.9491
G02,401,1,2.2696,-2.2507
G02,402,0,2.7724,-1.0964
G02,403,1,4.5676,-0.1685
G02,404,0,2.9298,2.1792
G02,405,1,2.786,2.7776
G02,406,0,2.2374,2.6812
G02,407,1,4.064,1.8488
G02,408,0,2.1478,0.6953
G02,409,1,3.2225,-1.2665
G02,410,0,2.9668,-2.6158
G02,411,1,4.2787,-2.4988
G02,412,0,1.5478,-2.8108
G02,413,1,4.6053,-1.892
G02,414,0,2.3111,0.139
G02,415,1,4.3734,1.3689
G02,416,0,2.2444,3.078
G02,417,1,4.9546,3.226
G02,418,0,2.6633,1.8543
G02,419,1,3.4378,1.2358
G02,420,0,2.874,0.029
G02,421,1,4.3317,-2.5152
G02,422,0,3.2636,-3.1158
G02,423,1,3.7286,-2.4735
G02,424,0,3.8378,-0.4371
G02,425,1,4.3307,-0.3808
G02,426,0,2.9806,1.5429
G02,427,1,3.7913,3.1394
G02,428,0,2.8119,2.9827
G02,429,1,4.3909,2.5955
G02,430,0,3.1868,0.9717
G02,431,1,3.6748,-0.6944
G02,432,0,2.9616,-1.3696
G02,433,1,4.2921,-1.8413
G02,434,0,2.7092,-2.4232
G02,435,1,3.3824,-2.0948
G02,436,0,3.139,-0.282
G02,437,1,3.8696,0.9096
G02,438,0,1.8341,1.9985
G02,439,1,4.587,3.0458
G02,440,0,3.048,2.5273
G02,441,1,4.0738,1.2607
G02,442,0,3.1784,0.199
G02,443,1,4.3749,-1.6328
G02,444,0,1.4934,-2.0217
G02,445,1,3.8096,-3.0727
G02,446,0,3.2002,-2.3422
G02,447,1,4.738,-0.6145
G02,448,0,3.2068,0.0234
G02,449,1,4.8409,2.1134
G02,450,0,2.5927,2.7605
G02,451,1,3.0749,2.8419
G02,452,0,2.2123,1.1561
G02,453,1,3.2385,0.8389
G02,454,0,2.463,-0.5459
G02,455,1,3.8382,-3.0225
G02,456,0,2.1855,-2.2444
G02,457,1,4.0768,-2.5294
G02,458,0,2.9577,-0.9866
G02,459,1,4.8472,0.9808
G02,460,0,2.6609,1.1665
G02,461,1,3.9485,2.7783
G02,462,0,2.3139,2.292
G02,463,1,4.4117,1.9823
G02,464,0,2.9195,0.2834
G02,465,1,4.0825,-1.2699
G02,466,0,3.4423,-1.7334
G02,467,1,3.1333,-3.101
G02,468,0,2.0343,-2.7665
G02,469,1,4.1949,-2.0273
G02,470,0,2.3888,-0.4092
G02,471,1,4.3805,1.5705
G02,472,0,2.5204,2.5809
G02,473,1,3.9442,2.6851
G02,474,0,3.9585,2.7224
G02,475,1,3.5086,1.2948
G02,476,0,3.4579,-1.1317
G02,477,1,4.7819,-1.2738
G02,478,0,2.3194,-3.0987
G02,479,1,4.9128,-2.4394
G02,480,0,3.3282,-1.5573
G02,481,1,4.5521,-0.7921
G02,482,0,3.6358,1.7318
G02,483,1,4.1956,2.3967
G02,484,0,2.1137,2.9897
G02,485,1,4.6851,2.3488
G02,486,0,3.7067,1.0235
G02,487,1,4.6931,-0.7359
G02,488,0,3.036,-1.8353
G02,489,1,4.5037,-2.7371
G02,490,0,2.9843,-2.339
G02,491,1,4.1222,-2.5602
G02,492,0,4.1163,0.0192
G02,493,1,3.6255,1.3058
G02,494,0,2.7881,2.3101
G02,495,1,4.5822,2.709
G02,496,0,2.6335,2.1785
G02,497,1,3.8743,1.1228
G02,498,0,3.0725,-0.3615
G02,499,1,4.838,-0.8394
G02,500,0,2.7798,-2.4197
G02,501,1,4.742,-2.4949
G02,502,0,3.1827,-1.8108
G02,503,1,4.7441,-1.3323
G02,504,0,3.6673,1.0575
G02,505,1,4.0153,2.0717
G02,506,0,3.5692,2.6265
G02,507,1,5.1207,3.6489
G02,508,0,2.7072,1.0838
G02,509,1,4.6754,0.5964
G02,510,0,3.0501,-0.6484
G02,511,1,3.7104,-2.0397
G02,512,0,2.8394,-2.0374
G02,513,1,5.7055,-2.5809
G02,514,0,2.8854,-0.765
G02,515,1,4.3017,0.42
G02,516,0,3.2401,0.9725
G02,517,1,4.5364,2.3977
G02,518,0,2.944,3.2965
G02,519,1,3.8093,2.2946
G02,520,0,3.084,0.4127
G02,521,1,5.04,-0.8028
G02,522,0,3.6021,-1.8085
G02,523,1,4.3849,-2.973
G02,524,0,2.6291,-2.8068
G02,525,1,6.3498,-0.8141
G02,526,0,2.4834,-0.4687
G02,527,1,4.8939,1.8378
G02,528,0,3.6267,2.4286
G02,529,1,4.5449,2.9303
G02,530,0,3.3636,1.1571
G02,531,1,4.4953,0.506
G02,532,0,3.4293,0.5553
G02,533,1,4.8633,-2.1152
G02,534,0,3.8861,-2.5173
G02,535,1,4.9071,-2.2696
G02,536,0,4.574,-2.1234
G02,537,1,4.9515,-0.5456
G02,538,0,3.6931,0.91
G02,539,1,4.4337,2.3284
G02,540,0,3.9558,3.1598
G02,541,1,3.9532,2.3563
G02,542,0,2.9652,0.5601
G02,543,1,4.5779,-0.5085
G02,544,0,4.8443,-1.6348
G02,545,1,3.8997,-2.8434
G02,546,0,4.0204,-1.782
G02,547,1,3.7882,-2.6211
G02,548,0,4.5385,-0.3284
G02,549,1,4.2278,1.3109
G02,550,0,1.8688,2.2449
G02,551,1,4.9522,3.2087
G02,552,0,2.8466,2.4738
G02,553,1,4.2188,1.52
G02,554,0,2.9296,-0.3067
G02,555,1,4.1894,-1.2587
G02,556,0,3.9859,-2.6523
G02,557,1,4.8174,-3.3019
G02,558,0,3.3091,-2.0989
G02,559,1,6.3669,-1.2059
G02,560,0,4.3714,1.1779
G02,561,1,4.9866,2.8566
G02,562,0,3.734,2.8956
G02,563,1,4.8005,3.1352
G02,564,0,4.1776,1.3442
G02,565,1,4.0594,0.1265
G02,566,0,3.0613,-1.362
G02,567,1,5.5936,-2.5676
G02,568,0,3.5245,-2.742
G02,569,1,5.3746,-3.1683
G02,570,0,3.2014,-0.9711
G02,571,1,5.5964,0.3052
G02,572,0,2.4581,2.1118
G02,573,1,4.5165,2.2067
G02,574,0,3.2159,2.5827
G02,575,1,4.5472,0.9523
G02,576,0,4.1339,1.0
G02,577,1,5.3074,-1.5031
G02,578,0,3.4926,-2.2685
G02,579,1,5.2885,-2.4324
G02,580,0,3.188,-2.384
G02,581,1,5.2168,-0.6577
G02,582,0,4.0568,0.5071
G02,583,1,5.007,2.2681
G02,584,0,3.8939,2.2001
G02,585,1,5.8049,3.0757
G02,586,0,3.3988,1.8478
G02,587,1,5.1586,0.9929
G02,588,0,3.7924,-0.6573
G02,589,1,6.0064,-1.5763
G02,590,0,3.801,-2.3351
G02,591,1,4.3926,-2.3297
G02,592,0,4.7769,-1.6724
G02,593,1,4.5151,-0.3526
G02,594,0,3.064,1.0339
G02,595,1,4.8116,1.8923
G02,596,0,3.7343,3.1488
G02,597,1,4.5043,2.936
G02,598,0,4.0415,1.4648
G02,599,1,4.6656,-0.0882
G02,600,0,3.1001,-1.4968
G02,601,1,5.1719,-2.3881
G02,602,0,3.0628,-3.0317
G02,603,1,5.4376,-2.1672
G02,604,0,4.0507,-1.0016
G02,605,1,5.5994,0.6285
G02,606,0,4.1162,2.5539
G02,607,1,4.6924,3.0668
G02,608,0,3.955,2.1705
G02,609,1,4.5193,0.5082
G02,610,0,4.0206,-0.8756
G02,611,1,5.1889,-1.7103
G02,612,0,4.2292,-2.7097
G02,613,1,4.9485,-2.3597
G02,614,0,4.0369,-1.8915
G02,615,1,5.4364,-1.3129
G02,616,0,4.3004,1.0873
G02,617,1,4.5645,2.0537
G02,618,0,3.8391,2.6845
G02,619,1,5.3808,3.1938
G02,620,0,4.5188,0.989
G02,621,1,5.5648,0.7029
G02,622,0,4.1177,-0.9365
G02,623,1,6.4048,-1.9728
G02,624,0,4.0484,-2.3163
G02,625,1,5.3058,-2.1559
G02,626,0,3.7033,-0.3242
G02,627,1,4.745,1.2425
G02,628,0,4.2225,1.3079
G02,629,1,5.4634,1.8389
G02,630,0,4.3098,3.0162
G02,631,1,4.9046,1.8868
G02,632,0,5.1131,0.166
G02,633,1,4.6394,-0.4572
G02,634,0,5.1306,-2.3072
G02,635,1,5.8841,-2.1486
G02,636,0,3.5331,-2.5875
G02,637,1,6.0272,-0.4926
G02,638,0,4.3225,-0.1278
G02,639,1,6.4898,1.5023
G02,640,0,3.8005,2.7405
G02,641,1,6.2446,3.1278
G02,642,0,4.2594,2.1974
G02,643,1,5.358,0.9596
G02,644,0,2.5195,-0.989
G02,645,1,5.4882,-2.5726
G02,646,0,4.2674,-2.8342
G02,647,1,6.4019,-1.7982
G02,648,0,3.7728,-1.5805
G02,649,1,5.3256,-0.191
G02,650,0,4.1786,1.111
G02,651,1,4.7092,2.7915
G02,652,0,4.4497,2.4155
G02,653,1,5.9275,1.974
G02,654,0,4.2382,1.304
G02,655,1,5.3871,-0.3334
G02,656,0,3.7926,-2.0152
G02,657,1,5.2971,-2.9608
G02,658,0,4.0073,-3.2869
G02,659,1,5.1398,-1.8262
G02,660,0,3.9725,-0.4465
G02,661,1,5.4078,1.4274
G02,662,0,4.658,2.0528
G02,663,1,4.741,2.3768
G02,664,0,3.86,2.2111
G02,665,1,5.0113,0.7242
G02,666,0,3.891,-0.2077
G02,667,1,5.8363,-1.8962
G02,668,0,3.9292,-3.0026
G02,669,1,5.4759,-3.0175
G02,670,0,4.5286,-2.7342
G02,671,1,5.2931,-0.4565
G02,672,0,4.3094,2.0461
G02,673,1,5.7278,1.7787
G02,674,0,4.1557,1.9951
G02,675,1,5.4841,2.1973
G02,676,0,4.7698,1.2501
G02,677,1,5.4751,-0.2103
G02,678,0,5.2724,-1.6033
G02,679,1,6.6478,-2.0963
G02,680,0,4.5369,-2.5971
G02,681,1,5.804,-2.9407
G02,682,0,4.0965,-0.5586
G02,683,1,5.553,0.0657
G02,684,0,4.2438,2.6846
G02,685,1,6.3367,2.7251
G02,686,0,4.8538,2.4587
G02,687,1,4.593,1.3813
G02,688,0,5.2302,0.189
G02,689,1,5.4748,-1.2853
G02,690,0,5.4458,-1.6574
G02,691,1,6.9527,-2.7886
G02,692,0,4.5009,-2.987
G02,693,1,6.5236,-1.6395
G02,694,0,4.4665,-0.1446
G02,695,1,5.3066,1.4319
G02,696,0,3.9882,2.3908
G02,697,1,5.3433,3.1027
G02,698,0,3.7049,2.0404
G02,699,1,6.407,0.4289
G02,700,0,3.9477,-1.033
G02,701,1,6.3967,-2.0475
G02,702,0,4.0713,-2.5499
G02,703,1,5.0511,-2.1453
G02,704,0,4.6432,-1.583
G02,705,1,5.2205,-0.3001
G02,706,0,4.7308,2.0223
G02,707,1,5.3528,2.7548
G02,708,0,3.1829,2.5007
G02,709,1,5.7261,1.808
G02,710,0,3.8801,0.5981
G02,711,1,5.931,-0.6813
G02,712,0,3.1179,-2.8889
G02,713,1,5.4084,-2.4648
G02,714,0,2.8273,-2.8148
G02,715,1,5.4689,-1.0537
G02,716,0,4.2458,-0.1047
G02,717,1,5.8787,0.3841
G02,718,0,4.9447,2.4618
G02,719,1,6.1096,4.4931
G03,0,0,-0.4931,-0.1615
G03,1,1,0.6607,1.0377
G03,2,0,-0.2461,2.2308
G03,3,1,0.9818,2.6654
G03,4,0,0.4787,2.0971
G03,5,1,0.7098,1.1105
G03,6,0,0.2769,-0.7891
G03,7,1,0.8549,-1.5157
G03,8,0,-0.1532,-2.6984
G03,9,1,1.1185,-2.7399
G03,10,0,-0.1606,-2.9643
G03,11,1,0.8046,-0.9722
G03,12,0,0.2956,-0.4039
G03,13,1,0.2845,2.4443
G03,14,0,0.1927,2.9695
G03,15,1,0.3635,2.3632
G03,16,0,0.4147,2.7576
G03,17,1,0.3361,0.3144
G03,18,0,0.078,-0.9952
G03,19,1,0.4337,-2.5458
G03,20,0,-0.0237,-3.3651
G03,21,1,0.3589,-2.5914
G03,22,0,0.12,-1.8144
G03,23,1,0.1956,-0.7129
G03,24,0,0.8089,0.5527
G03,25,1,0.9934,2.5496
G03,26,0,0.4372,2.8866
G03,27,1,0.9238,3.176
G03,28,0,0.3767,1.3393
G03,29,1,0.2146,-0.1989
G03,30,0,0.1017,-0.6158
G03,31,1,0.4185,-1.6456
G03,32,0,0.0405,-3.0999
G03,33,1,0.5162,-3.6494
G03,34,0,0.2853,-0.8756
G03,35,1,0.7742,-1.3372
G03,36,0,0.4727,0.2414
G03,37,1,0.4228,2.2314
G03,38,0,0.2765,2.3217
G03,39,1,0.7311,3.0494
G03,40,0,0.5205,2.3108
G03,41,1,1.4378,0.6906
G03,42,0,0.1937,-0.8243
G03,43,1,0.9923,-2.0963
G03,44,0,0.3313,-3.3643
G03,45,1,0.5302,-2.5334
G03,46,0,0.3348,-1.8446
G03,47,1,1.0035,1.1479
G03,48,0,-0.2537,1.7638
G03,49,1,0.8607,2.8068
G03,50,0,0.1758,2.7986
G03,51,1,0.9352,2.3239
G03,52,0,-0.1577,1.1891
G03,53,1,0.457,0.2265
G03,54,0,-0.2547,-1.0619
G03,55,1,1.0555,-2.3201
G03,56,0,-0.3371,-3.0414
G03,57,1,1.2978,-2.5567
G03,58,0,0.0203,-1.4835
G03,59,1,0.9224,-0.0433
G03,60,0,0.7667,1.7322
G03,61,1,0.7802,2.0306
G03,62,0,0.5413,3.0887
G03,63,1,0.7176,1.0642
G03,64,0,0.5304,0.8654
G03,65,1,1.0883,0.5478
G03,66,0,0.404,-2.1882
G03,67,1,0.6299,-2.8589
G03,68,0,0.476,-2.7765
G03,69,1,1.5537,-1.7683
G03,70,0,0.3947,-1.1628
G03,71,1,1.1038,0.3001
G03,72,0,0.5071,2.3119
G03,73,1,0.9629,2.5057
G03,74,0,-0.2312,3.3691
G03,75,1,1.1721,2.2292
G03,76,0,-0.0207,1.3388
G03,77,1,0.9089,-1.0228
G03,78,0,0.148,-3.1369
G03,79,1,1.4365,-2.0938
G03,80,0,0.4475,-3.0596
G03,81,1,0.9619,-1.9434
G03,82,0,0.1316,-0.569
G03,83,1,1.1427,1.6917
G03,84,0,0.5295,1.4547
G03,85,1,1.2189,2.7732
G03,86,0,0.9725,3.389
G03,87,1,1.584,1.4033
G03,88,0,1.1817,0.4114
G03,89,1,1.6479,-1.4889
G03,90,0,0.4677,-2.2616
G03,91,1,1.1923,-2.1529
G03,92,0,0.5013,-1.9155
G03,93,1,1.3891,-1.5593
G03,94,0,0.7953,-0.2869
G03,95,1,1.9152,0.0603
G03,96,0,0.8136,1.562
G03,97,1,1.11,2.8814
G03,98,0,1.0911,2.0736
G03,99,1,1.6094,0.7478
G03,100,0,1.0525,-0.4108
G03,101,1,1.2299,-1.7292
G03,102,0,1.0446,-2.0124
G03,103,1,1.3599,-3.4339
G03,104,0,0.423,-2.8896
G03,105,1,0.5179,-0.4321
G03,106,0,0.5584,0.1649
G03,107,1,1.7191,1.5486
G03,108,0,0.4082,2.5512
G03,109,1,0.897,3.0785
G03,110,0,0.5689,1.951
G03,111,1,1.0806,0.9743
G03,112,0,0.7265,-0.8127
G03,113,1,1.1677,-1.8941
G03,114,0,0.6546,-2.7198
G03,115,1,1.0793,-2.2206
G03,116,0,0.7557,-2.367
G03,117,1,1.4159,-0.7902
G03,118,0,0.1871,0.9024
G03,119,1,0.9955,2.5896
G03,120,0,0.6733,3.2072
G03,121,1,1.1315,2.8486
G03,122,0,1.1467,1.8183
G03,123,1,1.1566,1.0169
G03,124,0,0.9768,-1.1962
G03,125,1,0.7263,-2.4455
G03,126,0,1.0025,-3.2452
G03,127,1,1.3656,-3.0037
G03,128,0,0.1866,-2.1809
G03,129,1,1.5953,-1.6487
G03,130,0,0.8926,0.4455
G03,131,1,1.5873,2.7216
G03,132,0,0.7704,2.7675
G03,133,1,1.1506,1.9593
G03,134,0,1.3766,1.2044
G03,135,1,1.9168,-0.1703
G03,136,0,1.0167,-1.8641
G03,137,1,1.5978,-2.5236
G03,138,0,0.7633,-2.5475
G03,139,1,1.2952,-3.2622
G03,140,0,1.1167,-2.123
G03,141,1,1.6206,0.5211
G03,142,0,0.7683,2.0563
G03,143,1,1.6221,2.1762
G03,144,0,1.3449,2.266
G03,145,1,1.362,2.3926
G03,146,0,1.1046,1.9416
G03,147,1,1.8283,0.0298
G03,148,0,0.836,-2.5632
G03,149,1,1.0894,-1.5914
G03,150,0,0.3546,-3.2885
G03,151,1,1.8825,-2.186
G03,152,0,1.2446,-0.8823
G03,153,1,1.9981,0.5379
G03,154,0,1.1731,1.3523
G03,155,1,1.7302,2.5031
G03,156,0,0.8312,3.3258
G03,157,1,1.8428,3.1878
G03,158,0,1.5028,1.4883
G03,159,1,1.0229,0.5113
G03,160,0,1.2914,-2.2981
G03,161,1,1.813,-3.2368
G03,162,0,1.2089,-3.5174
G03,163,1,1.3375,-1.6783
G03,164,0,1.3656,-0.6421
G03,165,1,1.5158,-0.3793
G03,166,0,0.9711,2.313
G03,167,1,1.5186,2.8231
G03,168,0,0.9911,2.5935
G03,169,1,1.6557,1.8785
G03,170,0,1.5207,-0.5496
G03,171,1,1.4708,-1.3026
G03,172,0,1.1446,-2.1164
G03,173,1,2.1716,-1.7318
G03,174,0,0.8421,-2.7069
G03,175,1,1.7314,-2.2093
G03,176,0,1.2995,-0.5738
G03,177,1,1.3427,0.9656
G03,178,0,0.7958,2.8341
G03,179,1,2.2978,3.0375
G03,180,0,1.1603,2.7185
G03,181,1,2.0819,2.3531
G03,182,0,1.1008,0.392
G03,183,1,1.9263,-1.799
G03,184,0,1.5349,-1.4606
G03,185,1,2.1015,-3.4906
G03,186,0,0.5371,-2.1752
G03,187,1,1.5028,-1.3196
G03,188,0,1.6623,-0.4187
G03,189,1,1.6368,1.6067
G03,190,0,0.7756,2.0847
G03,191,1,1.777,2.7668
G03,192,0,1.3931,3.9435
G03,193,1,1.8131,0.9579
G03,194,0,1.6627,-0.9745
G03,195,1,1.3532,-1.8399
G03,196,0,1.1352,-2.9121
G03,197,1,1.7966,-2.6724
G03,198,0,1.5768,-2.3091
G03,199,1,1.6407,-0.5948
G03,200,0,0.9904,-0.5615
G03,201,1,2.2145,2.3886
G03,202,0,1.011,2.4452
G03,203,1,1.553,3.0739
G03,204,0,1.8248,2.6203
G03,205,1,2.1854,1.5017
G03,206,0,1.2875,0.079
G03,207,1,2.1056,-1.0542
G03,208,0,1.1541,-3.6569
G03,209,1,2.2134,-2.5784
G03,210,0,1.2185,-2.2485
G03,211,1,2.7051,-1.1264
G03,212,0,1.0541,0.7331
G03,213,1,2.2814,3.2858
G03,214,0,1.5462,2.1004
G03,215,1,2.5448,2.8099
G03,216,0,1.0841,1.4085
G03,217,1,2.1971,0.8265
G03,218,0,1.472,-0.1813
G03,219,1,1.6895,-1.3648
G03,220,0,1.2102,-1.6646
G03,221,1,2.1467,-3.1558
G03,222,0,0.7445,-1.4115
G03,223,1,1.8503,-0.4953
G03,224,0,1.6432,1.591
G03,225,1,2.3701,1.6893
G03,226,0,1.8652,2.5441
G03,227,1,1.2779,2.0622
G03,228,0,1.4942,1.1706
G03,229,1,1.9787,0.5045
G03,230,0,1.3799,-1.4893
G03,231,1,1.6221,-2.3188
G03,232,0,0.7945,-3.2398
G03,233,1,1.7371,-2.6408
G03,234,0,1.3948,-1.0233
G03,235,1,2.5468,-0.6323
G03,236,0,2.1076,0.9764
G03,237,1,2.1114,2.8059
G03,238,0,2.2635,2.5874
G03,239,1,1.4987,3.3188
G03,240,0,1.2354,1.1798
G03,241,1,1.7268,-0.2488
G03,242,0,1.2457,-1.1948
G03,243,1,2.1198,-2.8878
G03,244,0,1.8411,-2.7342
G03,245,1,1.5206,-1.8248
G03,246,0,1.5962,-0.4585
G03,247,1,2.1585,-0.0777
G03,248,0,1.4851,2.1442
G03,249,1,1.8869,2.4667
G03,250,0,1.4921,2.2356
G03,251,1,1.904,2.3967
G03,252,0,1.9567,1.1981
G03,253,1,2.1421,-0.8801
G03,254,0,1.9352,-1.6303
G03,255,1,1.9448,-2.1891
G03,256,0,1.7776,-3.255
G03,257,1,2.1494,-2.3451
G03,258,0,2.4485,-0.5635
G03,259,1,2.2534,0.9744
G03,260,0,2.0628,1.9587
G03,261,1,2.0193,3.2788
G03,262,0,1.582,2.2017
G03,263,1,1.8176,2.868
G03,264,0,1.6918,0.3491
G03,265,1,2.1572,-0.372
G03,266,0,1.5694,-2.9119
G03,267,1,2.3476,-2.1232
G03,268,0,2.0374,-3.018
G03,269,1,2.6595,-1.6935
G03,270,0,2.0815,-0.1712
G03,271,1,1.7861,2.0199
G03,272,0,1.7164,2.5672
G03,273,1,1.8549,3.1728
G03,274,0,2.0626,3.6867
G03,275,1,2.7387,2.0553
G03,276,0,1.2347,0.3608
G03,277,1,2.1185,-1.0335
G03,278,0,1.3514,-2.4838
G03,279,1,2.1549,-3.1149
G03,280,0,1.5791,-2.6429
G03,281,1,2.4225,-2.84
G03,282,0,1.0081,-0.2816
G03,283,1,2.2813,1.5305
G03,284,0,1.544,2.4788
G03,285,1,2.3968,2.5344
G03,286,0,2.1092,2.5737
G03,287,1,2.5428,1.4751
G03,288,0,2.4678,0.2295
G03,289,1,2.2267,-1.0533
G03,290,0,1.2926,-2.5014
G03,291,1,2.4954,-2.7518
G03,292,0,1.719,-2.9192
G03,293,1,2.156,-1.1139
G03,294,0,1.484,1.228
G03,295,1,1.5807,1.5769
G03,296,0,1.885,2.9178
G03,297,1,2.1408,3.5111
G03,298,0,1.42,1.9613
G03,299,1,2.6412,1.651
G03,300,0,1.4293,0.9485
G03,301,1,2.1717,-2.5027
G03,302,0,2.0471,-2.9016
G03,303,1,2.3116,-2.4534
G03,304,0,1.4152,-3.0541
G03,305,1,2.292,-0.2369
G03,306,0,1.7366,1.5115
G03,307,1,2.8754,2.1929
G03,308,0,2.0328,2.9232
G03,309,1,2.5573,2.633
G03,310,0,1.8581,1.4376
G03,311,1,1.8175,1.3225
G03,312,0,1.9999,-0.8353
G03,313,1,2.6581,-2.518
G03,314,0,1.6447,-2.9691
G03,315,1,2.9784,-3.2999
G03,316,0,1.141,-2.1496
G03,317,1,2.9194,-1.373
G03,318,0,1.6128,1.1598
G03,319,1,3.3849,1.5703
G03,320,0,1.5565,3.0313
G03,321,1,2.964,2.3722
G03,322,0,1.4978,1.9541
G03,323,1,2.7893,1.3094
G03,324,0,2.2336,-0.7506
G03,325,1,2.5234,-1.0038
G03,326,0,1.9111,-3.1979
G03,327,1,3.1936,-3.3173
G03,328,0,1.4635,-1.5017
G03,329,1,2.6311,-0.189
G03,330,0,2.378,0.878
G03,331,1,2.6645,2.3222
G03,332,0,1.7921,2.8447
G03,333,1,2.9273,3.6733
G03,334,0,2.2714,0.0578
G03,335,1,2.657,0.0034
G03,336,0,2.3972,-1.4299
G03,337,1,3.0794,-2.298
G03,338,0,2.6073,-3.108
G03,339,1,2.7399,-1.8935
G03,340,0,1.9434,-1.6569
G03,341,1,2.5068,-0.0882
G03,342,0,2.3034,0.7038
G03,343,1,2.2252,3.6872
G03,344,0,1.9198,2.9627
G03,345,1,2.2589,2.3753
G03,346,0,1.9342,0.222
G03,347,1,3.1685,0.2316
G03,348,0,2.1409,-1.3016
G03,349,1,3.3608,-2.2555
G03,350,0,2.3398,-2.7191
G03,351,1,2.9753,-2.2984
G03,352,0,2.1122,-0.6387
G03,353,1,2.6312,0.4927
G03,354,0,2.2126,2.5956
G03,355,1,2.4345,3.2242
G03,356,0,2.4764,3.2044
G03,357,1,2.5505,1.1659
G03,358,0,2.4152,0.7978
G03,359,1,3.138,-1.1479
G03,360,0,2.4913,-1.5481
G03,361,1,2.8014,-2.5403
G03,362,0,2.3838,-3.1692
G03,363,1,3.0127,-0.9639
G03,364,0,2.282,-1.294
G03,365,1,2.6385,0.0998
G03,366,0,2.6971,2.6467
G03,367,1,2.71,2.1378
G03,368,0,2.0355,2.321
G03,369,1,2.9163,1.8257
G03,370,0,2.7383,-0.0479
G03,371,1,2.4153,-1.7487
G03,372,0,2.3177,-2.7424
G03,373,1,2.8139,-3.062
G03,374,0,2.6519,-2.8994
G03,375,1,2.7993,-1.1455
G03,376,0,2.1706,0.0931
G03,377,1,3.0368,1.4757
G03,378,0,2.0024,3.1152
G03,379,1,3.6491,2.9324
G03,380,0,2.0428,2.5113
G03,381,1,3.2709,1.1378
G03,382,0,2.3466,0.1259
G03,383,1,3.351,-1.0494
G03,384,0,2.6593,-2.7785
G03,385,1,3.1092,-3.2106
G03,386,0,2.6809,-1.779
G03,387,1,3.1698,-1.3956
G03,388,0,2.3603,1.2142
G03,389,1,2.8953,2.2855
G03,390,0,2.5451,2.4537
G03,391,1,2.5922,3.021
G03,392,0,2.4789,3.2528
G03,393,1,2.7585,2.3541
G03,394,0,2.5828,-0.233
G03,395,1,2.8558,-1.6055
G03,396,0,2.6252,-2.2016
G03,397,1,2.746,-2.0253
G03,398,0,2.6022,-1.8387
G03,399,1,2.999,-1.3433
G03,400,0,2.5231,0.7227
G03,401,1,2.6418,2.4421
G03,402,0,2.8289,2.3721
G03,403,1,2.7695,2.6754
G03,404,0,2.5326,1.893
G03,405,1,3.0873,0.8822
G03,406,0,2.1031,-1.4779
G03,407,1,2.2549,-1.5467
G03,408,0,2.5548,-2.2488
G03,409,1,2.7704,-2.6713
G03,410,0,2.6307,-2.1965
G03,411,1,2.651,0.4574
G03,412,0,3.0192,0.7827
G03,413,1,3.3186,2.0172
G03,414,0,2.2715,3.8238
G03,415,1,2.6436,2.5662
G03,416,0,2.6268,2.633
G03,417,1,3.4662,-0.506
G03,418,0,2.6116,-1.1524
G03,419,1,3.1216,-1.9604
G03,420,0,2.1777,-3.0863
G03,421,1,3.3586,-2.1782
G03,422,0,2.6849,-1.7481
G03,423,1,3.181,0.2963
G03,424,0,2.6608,0.7769
G03,425,1,2.84,1.6998
G03,426,0,3.1246,3.3099
G03,427,1,3.2103,2.3109
G03,428,0,2.4928,2.0175
G03,429,1,3.8612,-0.3142
G03,430,0,3.0489,-1.4855
G03,431,1,3.2017,-1.6866
G03,432,0,2.6968,-2.716
G03,433,1,3.3604,-3.2256
G03,434,0,2.8041,-1.5653
G03,435,1,2.843,0.0029
G03,436,0,2.5582,2.2111
G03,437,1,2.9689,2.2528
G03,438,0,2.8122,2.1494
G03,439,1,3.1099,1.4536
G03,440,0,3.0421,0.9289
G03,441,1,3.3266,0.1218
G03,442,0,2.5332,-1.9782
G03,443,1,3.0088,-3.215
G03,444,0,2.4828,-3.0957
G03,445,1,3.2345,-1.9709
G03,446,0,2.5046,-0.7408
G03,447,1,3.5231,0.4054
G03,448,0,2.5445,2.0005
G03,449,1,3.3172,2.9263
G03,450,0,3.3109,2.8286
G03,451,1,3.1912,1.6191
G03,452,0,2.5545,-0.0539
G03,453,1,3.7027,-1.9368
G03,454,0,2.9925,-2.5551
G03,455,1,3.2564,-3.2375
G03,456,0,3.309,-2.7308
G03,457,1,3.6825,-1.1615
G03,458,0,2.9144,-1.1847
G03,459,1,3.3741,0.624
G03,460,0,2.7152,2.1656
G03,461,1,3.414,3.1132
G03,462,0,3.0644,2.6035
G03,463,1,3.5972,1.5174
G03,464,0,3.3174,0.0534
G03,465,1,3.8617,-1.8891
G03,466,0,2.7917,-2.51
G03,467,1,3.5827,-2.3543
G03,468,0,2.5284,-3.193
G03,469,1,3.0616,-0.8503
G03,470,0,3.032,-0.7478
G03,471,1,3.3785,2.0032
G03,472,0,2.8617,2.2583
G03,473,1,3.2836,2.3779
G03,474,0,3.3382,3.4089
G03,475,1,3.2314,2.2489
G03,476,0,2.8203,0.2627
G03,477,1,4.0043,-1.5139
G03,478,0,2.8834,-2.1054
G03,479,1,3.2168,-2.211
G03,480,0,3.0453,-2.7235
G03,481,1,3.3898,-1.9699
G03,482,0,2.8423,0.0718
G03,483,1,3.2572,1.6714
G03,484,0,3.1751,2.5047
G03,485,1,3.817,2.479
G03,486,0,3.356,2.3705
G03,487,1,4.1097,2.449
G03,488,0,2.9007,-0.6322
G03,489,1,3.5534,-1.429
G03,490,0,3.4834,-3.0418
G03,491,1,3.7651,-2.8576
G03,492,0,3.2712,-1.3778
G03,493,1,3.5803,-1.7723
G03,494,0,3.3237,0.1436
G03,495,1,3.6237,2.4142
G03,496,0,3.1944,2.6989
G03,497,1,3.4988,1.2924
G03,498,0,3.3342,1.9225
G03,499,1,4.1745,1.0091
G03,500,0,2.9532,-0.203
G03,501,1,4.072,-2.1459
G03,502,0,3.5164,-3.1002
G03,503,1,3.7698,-2.3885
G03,504,0,3.3991,-1.5877
G03,505,1,3.626,0.0752
G03,506,0,3.123,0.651
G03,507,1,3.5681,3.2947
G03,508,0,2.9395,3.5316
G03,509,1,3.3962,2.9928
G03,510,0,3.2818,2.6433
G03,511,1,3.5614,-0.0756
G03,512,0,3.163,-0.2413
G03,513,1,3.5009,-3.6594
G03,514,0,3.2315,-2.3558
G03,515,1,3.4723,-2.1024
G03,516,0,2.8961,-1.6999
G03,517,1,4.0456,-0.7697
G03,518,0,3.2951,1.9561
G03,519,1,3.9696,2.094
G03,520,0,3.7321,3.2292
G03,521,1,3.241,3.0333
G03,522,0,3.0811,1.566
G03,523,1,4.1641,-0.2509
G03,524,0,2.7526,-0.6654
G03,525,1,4.2263,-2.5233
G03,526,0,3.5584,-3.074
G03,527,1,3.8999,-2.4503
G03,528,0,3.1956,-1.1013
G03,529,1,3.4981,0.1118
G03,530,0,3.4123,2.6166
G03,531,1,3.5235,2.9409
G03,532,0,3.525,1.8578
G03,533,1,4.0369,2.8367
G03,534,0,3.5244,1.0762
G03,535,1,4.0249,-0.2448
G03,536,0,2.8137,-1.6815
G03,537,1,3.8151,-3.0137
G03,538,0,4.1514,-2.1666
G03,539,1,3.579,-1.9615
G03,540,0,3.8379,-1.7451
G03,541,1,3.9811,0.6898
G03,542,0,2.9829,2.1336
G03,543,1,4.3235,3.6063
G03,544,0,3.3208,4.1398
G03,545,1,3.3283,2.3105
G03,546,0,2.9642,0.8103
G03,547,1,3.8284,-0.4368
G03,548,0,3.3847,-2.5095
G03,549,1,3.7653,-1.7137
G03,550,0,3.5783,-3.6614
G03,551,1,4.194,-1.9873
G03,552,0,3.4515,-0.1378
G03,553,1,4.4072,0.53
G03,554,0,3.4531,1.9022
G03,555,1,4.2336,2.7626
G03,556,0,3.4843,2.5427
G03,557,1,4.0229,2.7511
G03,558,0,4.2465,0.5915
G03,559,1,4.0374,-1.9224
G03,560,0,3.2586,-2.3808
G03,561,1,3.8546,-3.1394
G03,562,0,4.0126,-2.5982
G03,563,1,4.1316,-1.9463
G03,564,0,3.8988,-0.3142
G03,565,1,3.9413,0.4936
G03,566,0,3.5181,2.1253
G03,567,1,4.6539,3.9137
G03,568,0,3.1579,1.9272
G03,569,1,4.0439,1.088
G03,570,0,3.6315,-0.1647
G03,571,1,4.2332,-0.8632
G03,572,0,3.2372,-1.9854
G03,573,1,3.9253,-1.6758
G03,574,0,4.1021,-2.4926
G03,575,1,3.8632,-1.8773
G03,576,0,3.8773,0.1636
G03,577,1,4.4759,2.849
G03,578,0,3.3679,1.946
G03,579,1,4.2552,3.528
G03,580,0,3.3264,2.3436
G03,581,1,4.6415,0.3118
G03,582,0,3.7122,-0.6585
G03,583,1,4.2585,-1.3417
G03,584,0,3.7201,-3.2212
G03,585,1,4.0725,-2.0262
G03,586,0,3.7669,-1.7578
G03,587,1,4.3236,-0.476
G03,588,0,3.5492,0.1458
G03,589,1,4.4991,2.5717
G03,590,0,3.3973,2.435
G03,591,1,4.2173,3.7212
G03,592,0,3.8788,1.3719
G03,593,1,4.2521,0.6964
G03,594,0,3.34,-0.7983
G03,595,1,4.202,-2.1991
G03,596,0,3.5957,-2.0067
G03,597,1,4.1912,-2.6779
G03,598,0,3.7188,-2.2159
G03,599,1,4.3444,-0.5083
G03,600,0,3.7753,0.464
G03,601,1,4.2662,2.6412
G03,602,0,3.7054,2.9208
G03,603,1,4.3971,2.967
G03,604,0,3.9523,1.7078
G03,605,1,4.0673,-0.1968
G03,606,0,4.1106,-0.6897
G03,607,1,4.5753,-1.8184
G03,608,0,3.7487,-3.1957
G03,609,1,4.0704,-3.1541
G03,610,0,4.1973,-1.913
G03,611,1,4.729,-0.2671
G03,612,0,3.6103,0.6892
G03,613,1,4.2199,3.2216
G03,614,0,3.4933,4.0092
G03,615,1,4.1523,2.988
G03,616,0,3.8039,1.3177
G03,617,1,4.028,0.0242
G03,618,0,3.4948,-2.3439
G03,619,1,4.4821,-2.8007
G03,620,0,4.4097,-2.3414
G03,621,1,4.9955,-2.7556
G03,622,0,3.9307,-2.7273
G03,623,1,4.3797,0.266
G03,624,0,3.9489,1.5817
G03,625,1,4.5028,1.1944
G03,626,0,3.9938,3.1253
G03,627,1,4.9189,2.5824
G03,628,0,3.8835,1.7437
G03,629,1,3.7583,-0.5785
G03,630,0,3.6944,-1.7772
G03,631,1,3.8211,-1.9171
G03,632,0,3.8707,-2.6722
G03,633,1,4.6024,-1.4924
G03,634,0,3.3714,-0.9149
G03,635,1,4.908,0.538
G03,636,0,3.673,1.5818
G03,637,1,4.4319,2.4022
G03,638,0,3.939,3.6152
G03,639,1,4.3795,1.8815
G03,640,0,4.146,0.7005
G03,641,1,4.1597,-0.7088
G03,642,0,3.9811,-1.521
G03,643,1,4.2855,-2.2147
G03,644,0,3.9939,-3.3528
G03,645,1,4.1911,-0.8715
G03,646,0,3.9867,-0.108
G03,647,1,4.0769,2.3714
G03,648,0,4.3336,2.0362
G03,649,1,4.5344,3.2747
G03,650,0,4.2775,2.797
G03,651,1,4.6476,2.1646
G03,652,0,3.5221,0.2237
G03,653,1,4.1338,-0.713
G03,654,0,3.873,-3.1348
G03,655,1,4.4171,-2.7291
G03,656,0,4.0348,-3.2559
G03,657,1,4.1404,-1.5729
G03,658,0,3.9281,-0.3719
G03,659,1,4.6434,1.5408
G03,660,0,4.3939,2.4813
G03,661,1,4.6049,2.9378
G03,662,0,4.0298,1.6643
G03,663,1,5.0658,2.0377
G03,664,0,4.7812,1.2652
G03,665,1,4.3583,-1.5583
G03,666,0,4.9598,-2.5239
G03,667,1,4.8216,-3.6423
G03,668,0,4.2227,-1.4148
G03,669,1,5.1651,-1.6151
G03,670,0,4.0617,-0.4593
G03,671,1,4.4989,0.6173
G03,672,0,4.1731,3.3995
G03,673,1,4.8944,3.6496
G03,674,0,4.5532,2.0517
G03,675,1,4.553,0.8308
G03,676,0,3.6799,-0.3187
G03,677,1,3.8846,-1.3786
G03,678,0,4.2603,-2.4152
G03,679,1,5.1547,-2.6891
G03,680,0,4.768,-1.8961
G03,681,1,4.5913,-1.0682
G03,682,0,3.5446,0.0408
G03,683,1,4.7232,2.2354
G03,684,0,4.0368,2.0656
G03,685,1,4.2574,2.5414
G03,686,0,4.9068,2.2494
G03,687,1,5.1674,0.378
G03,688,0,3.8005,-1.364
G03,689,1,4.8508,-3.05
G03,690,0,3.993,-3.1009
G03,691,1,4.4748,-3.8516
G03,692,0,4.417,-1.9453
G03,693,1,5.1539,-1.1708
G03,694,0,4.5787,1.7118
G03,695,1,5.0024,1.8853
G03,696,0,4.3961,2.4758
G03,697,1,4.6699,3.121
G03,698,0,4.3184,2.4725
G03,699,1,4.8037,0.3063
G03,700,0,4.1952,-1.6714
G03,701,1,5.2152,-1.0619
G03,702,0,4.2662,-3.2217
G03,703,1,4.7325,-2.9483
G03,704,0,4.9237,-2.061
G03,705,1,4.7958,-0.8647
G03,706,0,4.5057,1.2094
G03,707,1,4.6331,1.9653
G03,708,0,4.9116,2.8912
G03,709,1,5.0389,2.6585
G03,710,0,4.8802,0.958
G03,711,1,4.8933,0.0198
G03,712,0,3.9036,-1.9048
G03,713,1,5.3639,-2.0366
G03,714,0,4.76,-3.1932
G03,715,1,4.8963,-3.3663
G03,716,0,4.7708,-0.7657
G03,717,1,5.4007,1.0391
G03,718,0,4.6215,2.4105
G03,719,1,5.0055,1.6868
G05,0,0,-0.3856,0.0124
G05,1,1,0.979,1.1568
G05,2,0,-0.542,2.925
G05,3,1,-0.1813,3.7917
G05,4,0,-0.1219,2.5509
G05,5,1,1.2703,2.4225
G05,6,0,0.1714,0.1171
G05,7,1,1.3932,-1.2305
G05,8,0,0.2313,-3.4069
G05,9,1,1.22,-3.1103
G05,10,0,-0.2893,-2.4711
G05,11,1,0.7595,-2.1989
G05,12,0,-0.3215,-0.4253
G05,13,1,0.0546,1.1486
G05,14,0,-0.5565,2.9343
G05,15,1,1.6808,4.0066
G05,16,0,-1.2985,4.4407
G05,17,1,1.281,2.1659
G05,18,0,0.2052,0.866
G05,19,1,0.7262,-0.9568
G05,20,0,-0.2332,-2.8811
G05,21,1,0.7272,-4.2069
G05,22,0,0.2235,-3.3291
G05,23,1,1.448,-2.2376
G05,24,0,0.3412,-1.2833
G05,25,1,1.652,0.277
G05,26,0,-0.3686,2.073
G05,27,1,1.8063,4.0112
G05,28,0,0.4623,4.139
G05,29,1,0.6634,3.0445
G05,30,0,0.1137,1.6762
G05,31,1,1.1265,-0.7066
G05,32,0,0.519,-1.9117
G05,33,1,0.8128,-3.4204
G05,34,0,-0.4116,-4.8258
G05,35,1,1.3376,-2.6748
G05,36,0,0.3795,-2.4195
G05,37,1,1.025,-0.6339
G05,38,0,1.0452,1.6039
G05,39,1,1.9847,3.8119
G05,40,0,-0.281,3.2049
G05,41,1,1.4635,2.8168
G05,42,0,0.3229,1.5548
G05,43,1,0.2191,-1.0163
G05,44,0,0.4087,-2.1264
G05,45,1,0.9558,-2.843
G05,46,0,0.9794,-3.8451
G05,47,1,1.0936,-3.0054
G05,48,0,-0.5001,-1.8999
G05,49,1,1.6323,0.1506
G05,50,0,-0.8295,1.2948
G05,51,1,0.8015,3.1613
G05,52,0,0.6085,4.3846
G05,53,1,1.0401,3.2228
G05,54,0,1.0154,2.3526
G05,55,1,2.0919,0.6509
G05,56,0,-0.3323,-2.0019
G05,57,1,0.4421,-2.559
G05,58,0,1.0634,-2.8365
G05,59,1,1.8666,-2.9209
G05,60,0,0.033,-2.9482
G05,61,1,1.8832,-0.4917
G05,62,0,0.4509,1.3257
G05,63,1,1.585,3.3679
G05,64,0,1.1636,3.8682
G05,65,1,1.9056,3.8616
G05,66,0,0.1406,2.9613
G05,67,1,0.5971,1.5147
G05,68,0,-0.2794,-0.7672
G05,69,1,0.9336,-2.2505
G05,70,0,0.4175,-4.2737
G05,71,1,1.6925,-3.8541
G05,72,0,0.9696,-2.7991
G05,73,1,1.6901,-1.623
G05,74,0,0.115,0.4306
G05,75,1,1.9746,3.1618
G05,76,0,0.0002,3.9514
G05,77,1,0.2026,3.1971
G05,78,0,-0.0779,2.3543
G05,79,1,0.5606,1.7222
G05,80,0,0.3738,-0.2049
G05,81,1,1.9141,-1.9718
G05,82,0,0.9004,-3.39
G05,83,1,0.8195,-3.1856
G05,84,0,0.1776,-3.542
G05,85,1,1.427,-2.0866
G05,86,0,0.2914,0.269
G05,87,1,1.7498,1.5645
G05,88,0,0.2624,3.7227
G05,89,1,1.8496,4.7118
G05,90,0,1.2584,3.7727
G05,91,1,0.751,2.3487
G05,92,0,0.5437,-0.0987
G05,93,1,1.681,-1.2122
G05,94,0,0.8828,-3.4955
G05,95,1,2.0322,-3.9504
G05,96,0,0.7278,-3.5119
G05,97,1,1.4779,-1.7758
G05,98,0,-0.0009,0.4666
G05,99,1,0.5456,1.2302
G05,100,0,0.8433,3.2083
G05,101,1,1.5727,3.7064
G05,102,0,0.8796,3.3729
G05,103,1,2.4659,2.8114
G05,104,0,1.1647,0.2378
G05,105,1,1.6101,-1.2901
G05,106,0,0.0695,-2.6118
G05,107,1,1.3524,-3.2878
G05,108,0,0.044,-2.7847
G05,109,1,1.1534,-2.4289
G05,110,0,1.1544,-1.1912
G05,111,1,2.1971,0.445
G05,112,0,1.5563,2.5984
G05,113,1,1.3552,3.4829
G05,114,0,1.1895,3.3658
G05,115,1,1.2776,2.7118
G05,116,0,0.031,2.0101
G05,117,1,1.3979,-0.2675
G05,118,0,0.861,-2.8418
G05,119,1,1.7409,-3.0793
G05,120,0,0.639,-3.1394
G05,121,1,2.3593,-2.466
G05,122,0,0.4915,-1.9219
G05,123,1,1.4076,0.5718
G05,124,0,1.0968,1.2051
G05,125,1,1.7771,3.5042
G05,126,0,0.6238,4.2948
G05,127,1,2.0431,3.7303
G05,128,0,0.6727,2.0974
G05,129,1,2.771,0.4739
G05,130,0,0.1685,-2.084
G05,131,1,1.6159,-2.9925
G05,132,0,1.2297,-4.1021
G05,133,1,1.8719,-4.0912
G05,134,0,1.6878,-2.1364
G05,135,1,1.8774,-0.1843
G05,136,0,1.5258,0.4558
G05,137,1,1.8471,3.131
G05,138,0,0.595,4.4971
G05,139,1,1.3462,3.7497
G05,140,0,1.0851,2.6975
G05,141,1,1.4885,0.0759
G05,142,0,1.5338,-1.3102
G05,143,1,0.9834,-3.1722
G05,144,0,1.1278,-3.311
G05,145,1,1.5064,-4.7261
G05,146,0,1.221,-2.89
G05,147,1,0.7299,-1.8515
G05,148,0,1.405,1.3158
G05,149,1,1.7989,3.4911
G05,150,0,1.3133,4.378
G05,151,1,1.1232,3.5804
G05,152,0,-0.0033,2.4332
G05,153,1,1.8103,1.2116
G05,154,0,0.9894,-0.7239
G05,155,1,2.3842,-1.6068
G05,156,0,0.7891,-4.0101
G05,157,1,2.127,-3.9306
G05,158,0,1.8613,-2.852
G05,159,1,1.6609,-1.2955
G05,160,0,1.4236,0.6781
G05,161,1,1.6286,3.243
G05,162,0,0.5077,3.5199
G05,163,1,2.4041,2.9821
G05,164,0,1.3082,2.4191
G05,165,1,2.5171,0.9949
G05,166,0,1.446,0.0114
G05,167,1,2.5524,-2.0699
G05,168,0,0.9136,-3.6668
G05,169,1,2.9243,-3.9719
G05,170,0,0.451,-2.754
G05,171,1,1.6,-2.0023
G05,172,0,0.2238,0.0078
G05,173,1,2.0331,2.1771
G05,174,0,1.6484,3.5293
G05,175,1,1.9819,3.6816
G05,176,0,1.4008,3.7743
G05,177,1,2.1814,1.6932
G05,178,0,0.527,-0.6167
G05,179,1,2.5123,-1.4786
G05,180,0,1.4654,-3.2174
G05,181,1,2.9615,-3.8878
G05,182,0,1.7008,-3.3427
G05,183,1,1.7857,-1.7614
G05,184,0,1.3915,-0.1396
G05,185,1,2.2048,1.5872
G05,186,0,2.5708,3.5478
G05,187,1,2.5956,3.7979
G05,188,0,1.7689,3.6699
G05,189,1,2.1974,2.2059
G05,190,0,1.1398,-0.8718
G05,191,1,2.3186,-1.4819
G05,192,0,2.1391,-2.8403
G05,193,1,1.5058,-3.6299
G05,194,0,0.5956,-3.3141
G05,195,1,2.391,-2.0117
G05,196,0,0.7587,-0.8075
G05,197,1,1.427,1.428
G05,198,0,1.5435,2.8965
G05,199,1,2.2454,3.8367
G05,200,0,2.196,3.4745
G05,201,1,2.3387,2.2432
G05,202,0,0.7505,1.1224
G05,203,1,2.9204,-0.8709
G05,204,0,1.1359,-2.6659
G05,205,1,1.9666,-3.339
G05,206,0,0.4046,-3.0808
G05,207,1,1.902,-2.4841
G05,208,0,0.5511,-1.0251
G05,209,1,2.7031,0.7692
G05,210,0,0.7261,2.3917
G05,211,1,1.6218,3.3639
G05,212,0,1.932,4.06
G05,213,1,2.3409,2.6312
G05,214,0,1.7182,1.5798
G05,215,1,0.9762,0.1214
G05,216,0,1.3357,-1.5201
G05,217,1,1.7111,-4.705
G05,218,0,1.5271,-3.5874
G05,219,1,1.3725,-3.5618
G05,220,0,2.9996,-1.9447
G05,221,1,2.8129,-0.2254
G05,222,0,0.1549,1.7626
G05,223,1,2.2378,3.0578
G05,224,0,1.3324,3.8404
G05,225,1,2.3184,2.7771
G05,226,0,1.6992,1.15
G05,227,1,1.2104,0.6294
G05,228,0,1.724,-1.6316
G05,229,1,1.6091,-3.3151
G05,230,0,1.2826,-4.4259
G05,231,1,2.0086,-3.0679
G05,232,0,2.2916,-2.4383
G05,233,1,2.903,-1.3239
G05,234,0,1.8513,0.9997
G05,235,1,2.6506,2.823
G05,236,0,2.2536,3.2716
G05,237,1,2.852,3.4334
G05,238,0,1.3942,2.3698
G05,239,1,1.9958,0.8111
G05,240,0,1.4631,-1.0054
G05,241,1,2.5567,-2.3
G05,242,0,2.0571,-4.0886
G05,243,1,3.0317,-4.076
G05,244,0,1.8716,-2.3648
G05,245,1,1.4049,-0.9317
G05,246,0,1.2612,0.5166
G05,247,1,3.341,2.2777
G05,248,0,1.0745,3.5747
G05,249,1,2.9612,3.6359
G05,250,0,2.2503,3.0646
G05,251,1,1.285,1.0852
G05,252,0,1.2437,-0.3842
G05,253,1,1.0342,-1.1194
G05,254,0,1.9006,-3.3826
G05,255,1,3.2911,-2.5817
G05,256,0,2.1134,-2.5595
G05,257,1,2.684,-1.5336
G05,258,0,1.3319,-0.0346
G05,259,1,2.2143,1.5499
G05,260,0,1.5803,2.5796
G05,261,1,2.7445,3.7503
G05,262,0,1.7241,2.9024
G05,263,1,4.4587,2.4223
G05,264,0,0.9161,0.0297
G05,265,1,2.2984,-2.2979
G05,266,0,0.8723,-3.022
G05,267,1,2.2676,-3.234
G05,268,0,2.261,-2.6508
G05,269,1,2.1793,-1.7196
G05,270,0,2.0604,-0.4029
G05,271,1,2.2393,2.4352
G05,272,0,1.8341,3.3648
G05,273,1,2.2222,3.2068
G05,274,0,1.3767,3.3341
G05,275,1,2.0919,2.2485
G05,276,0,0.7294,-0.0558
G05,277,1,3.1275,-1.0928
G05,278,0,1.5064,-3.3814
G05,279,1,2.1386,-3.7957
G05,280,0,2.13,-3.0705
G05,281,1,2.4641,-2.8823
G05,282,0,1.9204,-1.0848
G05,283,1,2.4638,1.8185
G05,284,0,2.2627,2.8212
G05,285,1,2.0319,3.7719
G05,286,0,2.4141,3.4035
G05,287,1,3.5911,3.2404
G05,288,0,2.781,1.1074
G05,289,1,3.1533,-0.2249
G05,290,0,2.0763,-2.7918
G05,291,1,2.5549,-3.3995
G05,292,0,1.064,-3.7033
G05,293,1,3.4785,-3.729
G05,294,0,2.7423,-0.7134
G05,295,1,2.5733,0.9531
G05,296,0,1.8519,2.9241
G05,297,1,3.4364,2.8871
G05,298,0,2.2088,3.592
G05,299,1,2.9183,2.6753
G05,300,0,2.9058,1.9385
G05,301,1,2.4457,-0.9499
G05,302,0,1.6601,-1.961
G05,303,1,3.0361,-2.7495
G05,304,0,2.3658,-3.2742
G05,305,1,3.0996,-3.6869
G05,306,0,1.7971,-1.2265
G05,307,1,2.889,0.4101
G05,308,0,1.737,1.4711
G05,309,1,2.8592,3.4356
G05,310,0,1.5509,3.6158
G05,311,1,2.3905,3.802
G05,312,0,1.7764,2.5943
G05,313,1,3.8584,0.1449
G05,314,0,1.3679,-2.6514
G05,315,1,2.1014,-3.6803
G05,316,0,2.7878,-3.6607
G05,317,1,3.2116,-4.3216
G05,318,0,1.2811,-1.7555
G05,319,1,3.1635,-0.4116
G05,320,0,2.3331,2.2089
G05,321,1,2.8766,3.0368
G05,322,0,2.1261,4.768
G05,323,1,1.7815,3.8299
G05,324,0,1.9573,2.6233
G05,325,1,2.6443,0.6842
G05,326,0,2.457,0.187
G05,327,1,3.5209,-3.1215
G05,328,0,1.8001,-3.8439
G05,329,1,1.9981,-3.6567
G05,330,0,2.4946,-3.1412
G05,331,1,3.6877,-0.6436
G05,332,0,1.6421,0.9058
G05,333,1,4.0244,2.9878
G05,334,0,2.0927,3.4662
G05,335,1,3.1396,3.4444
G05,336,0,0.8589,3.6737
G05,337,1,3.1985,1.3981
G05,338,0,2.0784,-1.0455
G05,339,1,3.0098,-3.0847
G05,340,0,3.4677,-4.0498
G05,341,1,2.5234,-3.8259
G05,342,0,2.897,-2.9136
G05,343,1,2.4155,-0.7976
G05,344,0,2.581,0.6957
G05,345,1,3.579,3.3375
G05,346,0,3.451,3.0797
G05,347,1,4.1269,3.9321
G05,348,0,2.4693,2.3104
G05,349,1,3.0814,1.3379
G05,350,0,2.6758,0.2959
G05,351,1,1.9712,-1.9454
G05,352,0,2.8615,-3.3576
G05,353,1,3.6368,-3.5131
G05,354,0,2.414,-3.3401
G05,355,1,2.502,-2.3457
G05,356,0,2.6433,-0.0662
G05,357,1,3.1502,1.6153
G05,358,0,2.0575,3.6131
G05,359,1,3.0467,3.1597
G05,360,0,2.6885,3.2491
G05,361,1,3.2754,2.8884
G05,362,0,2.2504,0.4695
G05,363,1,2.5743,-1.5697
G05,364,0,2.6344,-3.6936
G05,365,1,3.4003,-3.5971
G05,366,0,2.3118,-2.9802
G05,367,1,3.4916,-1.6036
G05,368,0,1.7141,-0.539
G05,369,1,3.3567,0.8415
G05,370,0,2.8764,3.8771
G05,371,1,3.3094,3.9288
G05,372,0,2.3748,3.2171
G05,373,1,2.2583,2.2535
G05,374,0,1.5167,1.6308
G05,375,1,3.2765,-1.1311
G05,376,0,2.8743,-3.1536
G05,377,1,2.9047,-3.5084
G05,378,0,2.9691,-3.3857
G05,379,1,3.5158,-2.6253
G05,380,0,2.611,-1.0227
G05,381,1,2.7746,0.8391
G05,382,0,1.7544,2.4903
G05,383,1,3.111,4.7097
G05,384,0,2.3765,3.0316
G05,385,1,3.3278,3.1698
G05,386,0,3.3992,1.0961
G05,387,1,2.4863,-0.0884
G05,388,0,1.6109,-2.4464
G05,389,1,3.28,-3.395
G05,390,0,2.8439,-4.0128
G05,391,1,3.283,-3.0007
G05,392,0,2.5382,-1.5607
G05,393,1,3.714,0.6775
G05,394,0,2.694,2.2384
G05,395,1,2.5364,3.3724
G05,396,0,2.7577,4.0508
G05,397,1,3.0737,2.9401
G05,398,0,2.149,2.0818
G05,399,1,4.104,-0.1161
G05,400,0,3.0354,-1.7511
G05,401,1,3.4336,-3.215
G05,402,0,2.9527,-3.5721
G05,403,1,4.8614,-3.6523
G05,404,0,2.8305,-2.3033
G05,405,1,3.0193,-0.2371
G05,406,0,2.6185,2.8928
G05,407,1,3.4358,2.5613
G05,408,0,2.711,2.7603
G05,409,1,3.5027,3.4853
G05,410,0,3.031,2.7189
G05,411,1,3.2725,0.5264
G05,412,0,2.1233,-1.8393
G05,413,1,3.7646,-3.3879
G05,414,0,2.343,-4.1113
G05,415,1,3.9185,-2.6568
G05,416,0,1.8325,-3.3199
G05,417,1,3.5333,-0.7471
G05,418,0,2.7414,0.8768
G05,419,1,3.5011,2.9017
G05,420,0,3.2385,2.7188
G05,421,1,3.4144,3.7456
G05,422,0,2.0962,3.4552
G05,423,1,3.2697,1.0911
G05,424,0,2.9779,-1.0912
G05,425,1,2.5681,-2.6399
G05,426,0,3.2695,-3.6811
G05,427,1,3.1703,-3.1881
G05,428,0,2.48,-3.0795
G05,429,1,3.77,-0.9111
G05,430,0,4.0919,0.9387
G05,431,1,4.3783,2.1148
G05,432,0,2.0951,3.4639
G05,433,1,3.7701,3.259
G05,434,0,2.6091,3.192
G05,435,1,3.9319,1.832
G05,436,0,2.8966,-0.5315
G05,437,1,3.4289,-2.573
G05,438,0,3.7899,-3.3194
G05,439,1,3.6118,-4.0891
G05,440,0,4.481,-3.6447
G05,441,1,3.504,-1.5513
G05,442,0,3.1164,0.4719
G05,443,1,4.8353,2.1354
G05,444,0,2.1523,3.0823
G05,445,1,3.9634,4.7076
G05,446,0,1.9633,3.8348
G05,447,1,3.9005,2.4457
G05,448,0,2.7399,-0.1557
G05,449,1,4.2497,-1.2766
G05,450,0,3.3857,-3.0616
G05,451,1,3.4657,-4.361
G05,452,0,3.3081,-3.2137
G05,453,1,3.2624,-2.4269
G05,454,0,2.5623,-1.1598
G05,455,1,3.3623,0.9181
G05,456,0,2.6068,2.5628
G05,457,1,2.8975,4.6363
G05,458,0,3.6011,3.1509
G05,459,1,4.03,2.6776
G05,460,0,3.5773,0.3782
G05,461,1,4.5259,-1.3309
G05,462,0,2.0998,-2.3965
G05,463,1,4.6555,-2.396
G05,464,0,2.1926,-3.2675
G05,465,1,3.6653,-2.2272
G05,466,0,2.0454,-1.577
G05,467,1,3.4619,0.9645
G05,468,0,2.547,2.836
G05,469,1,4.5374,3.8677
G05,470,0,3.892,3.8344
G05,471,1,3.2269,3.479
G05,472,0,2.5932,1.669
G05,473,1,4.8849,-0.3634
G05,474,0,2.0803,-2.7539
G05,475,1,4.7494,-3.4837
G05,476,0,3.0219,-3.3467
G05,477,1,4.3925,-2.8014
G05,478,0,2.8645,-1.6436
G05,479,1,4.5003,0.659
G05,480,0,2.8483,2.6169
G05,481,1,3.9308,3.0151
G05,482,0,2.565,3.2725
G05,483,1,3.8588,3.737
G05,484,0,2.5503,1.825
G05,485,1,3.6447,-0.1627
G05,486,0,2.1471,-2.005
G05,487,1,3.9302,-2.9326
G05,488,0,3.1817,-4.2648
G05,489,1,4.6962,-3.1184
G05,490,0,3.1795,-1.9727
G05,491,1,3.7641,-0.0205
G05,492,0,3.3554,0.8829
G05,493,1,3.7642,3.0222
G05,494,0,3.2386,4.2505
G05,495,1,3.6394,3.2069
G05,496,0,2.7978,1.8247
G05,497,1,3.9022,0.8312
G05,498,0,2.4911,-1.2401
G05,499,1,3.1159,-3.1366
G05,500,0,2.9307,-2.9215
G05,501,1,3.9699,-4.4305
G05,502,0,1.9588,-2.3801
G05,503,1,4.5063,-0.4733
G05,504,0,3.2488,1.7129
G05,505,1,3.8387,3.2177
G05,506,0,2.2002,3.2208
G05,507,1,3.1039,3.4937
G05,508,0,3.1477,2.6431
G05,509,1,4.2184,0.5808
G05,510,0,3.0753,-1.6115
G05,511,1,4.9983,-2.6662
G05,512,0,2.9117,-2.8438
G05,513,1,3.4744,-4.0939
G05,514,0,2.5661,-2.8051
G05,515,1,4.4739,-0.8186
G05,516,0,4.7416,-0.3424
G05,517,1,4.5909,2.1798
G05,518,0,2.8917,3.1972
G05,519,1,3.7086,4.4949
G05,520,0,3.7467,2.9538
G05,521,1,5.0536,0.8154
G05,522,0,2.4778,-1.4007
G05,523,1,3.857,-2.0501
G05,524,0,3.3357,-3.3073
G05,525,1,3.4499,-3.2981
G05,526,0,3.4288,-2.7656
G05,527,1,3.1783,-1.4984
G05,528,0,2.5996,-0.0284
G05,529,1,4.622,2.0448
G05,530,0,2.8104,3.2579
G05,531,1,3.4163,4.2932
G05,532,0,3.204,3.7423
G05,533,1,4.0214,1.7333
G05,534,0,2.8869,0.5091
G05,535,1,3.9261,-1.3823
G05,536,0,3.1245,-4.0134
G05,537,1,4.0206,-4.1982
G05,538,0,3.3825,-3.8971
G05,539,1,4.9154,-2.1327
G05,540,0,3.2703,-0.079
G05,541,1,4.9503,1.5268
G05,542,0,2.9328,2.1639
G05,543,1,3.9899,3.4584
G05,544,0,3.4631,3.3074
G05,545,1,4.8126,2.1244
G05,546,0,3.3789,1.1735
G05,547,1,4.621,-1.2174
G05,548,0,3.0701,-3.0869
G05,549,1,3.9303,-3.8375
G05,550,0,3.8831,-3.652
G05,551,1,3.6485,-1.7001
G05,552,0,3.6387,-1.5327
G05,553,1,4.1964,1.0886
G05,554,0,4.4676,2.1177
G05,555,1,5.0449,4.2626
G05,556,0,3.1043,3.4961
G05,557,1,3.8708,2.6942
G05,558,0,3.4659,1.4483
G05,559,1,5.1372,-1.0202
G05,560,0,2.34,-2.4349
G05,561,1,4.68,-3.3346
G05,562,0,3.3199,-3.6171
G05,563,1,5.413,-2.6855
G05,564,0,3.3048,-1.6242
G05,565,1,4.4318,1.2619
G05,566,0,3.4294,2.21
G05,567,1,4.26,3.9459
G05,568,0,4.7056,3.911
G05,569,1,4.6057,3.1323
G05,570,0,2.1566,1.9761
G05,571,1,4.6485,0.0358
G05,572,0,3.1555,-2.1756
G05,573,1,4.3396,-2.7697
G05,574,0,3.3642,-2.7789
G05,575,1,4.8485,-3.7351
G05,576,0,3.5242,-2.1665
G05,577,1,3.313,0.7182
G05,578,0,4.0271,2.0155
G05,579,1,4.7169,2.5738
G05,580,0,3.3398,4.0988
G05,581,1,4.0121,2.2373
G05,582,0,3.5036,2.0307
G05,583,1,4.7244,0.6994
G05,584,0,4.026,-1.4205
G05,585,1,5.3619,-3.6385
G05,586,0,3.96,-3.4115
G05,587,1,3.9385,-4.0728
G05,588,0,3.2352,-2.6072
G05,589,1,5.1262,-0.8098
G05,590,0,3.1825,1.0166
G05,591,1,5.354,2.8931
G05,592,0,3.5943,3.604
G05,593,1,5.4688,3.2451
G05,594,0,4.4882,2.6042
G05,595,1,4.6248,2.0229
G05,596,0,3.1025,-1.203
G05,597,1,4.0052,-2.1781
G05,598,0,4.7335,-2.8383
G05,599,1,5.4661,-3.6476
G05,600,0,3.5346,-3.4541
G05,601,1,5.9574,-0.8334
G05,602,0,3.4724,1.3882
G05,603,1,4.1958,2.702
G05,604,0,3.6732,3.8056
G05,605,1,4.7444,3.0572
G05,606,0,3.8321,3.3474
G05,607,1,4.7772,1.746
G05,608,0,3.1835,-0.539
G05,609,1,4.4387,-1.8761
G05,610,0,3.8311,-3.1087
G05,611,1,5.4608,-3.3383
G05,612,0,3.986,-3.485
G05,613,1,4.8303,-1.779
G05,614,0,3.6346,0.095
G05,615,1,4.2666,1.213
G05,616,0,3.456,3.396
G05,617,1,4.062,3.7772
G05,618,0,4.983,3.6416
G05,619,1,5.8385,2.0494
G05,620,0,4.5634,-0.3285
G05,621,1,4.502,-3.0136
G05,622,0,4.5869,-2.482
G05,623,1,4.5682,-3.7851
G05,624,0,3.4555,-3.1346
G05,625,1,5.5702,-2.7868
G05,626,0,4.1539,-0.3883
G05,627,1,4.9863,1.8468
G05,628,0,3.814,2.9871
G05,629,1,4.8058,4.1908
G05,630,0,4.1844,3.5204
G05,631,1,4.195,2.1416
G05,632,0,4.4799,0.5427
G05,633,1,5.3458,-0.4968
G05,634,0,4.5749,-2.8314
G05,635,1,4.6681,-4.7702
G05,636,0,3.8757,-3.6636
G05,637,1,5.2121,-2.4865
G05,638,0,3.7986,-1.591
G05,639,1,4.4402,1.3629
G05,640,0,5.0118,2.6544
G05,641,1,5.2002,4.0897
G05,642,0,3.5344,3.7599
G05,643,1,4.5828,3.0997
G05,644,0,4.1143,1.1765
G05,645,1,4.5705,-0.4722
G05,646,0,5.2668,-2.9663
G05,647,1,4.8441,-3.3798
G05,648,0,4.5137,-3.9069
G05,649,1,3.3864,-2.1709
G05,650,0,4.5109,-2.0811
G05,651,1,4.7112,1.343
G05,652,0,4.9287,2.7338
G05,653,1,4.9781,3.5306
G05,654,0,4.0103,4.2057
G05,655,1,4.578,2.6852
G05,656,0,4.6957,1.5162
G05,657,1,5.9197,-0.575
G05,658,0,4.0802,-2.5137
G05,659,1,5.1238,-3.9534
G05,660,0,3.8375,-4.3679
G05,661,1,5.5411,-2.7742
G05,662,0,3.1172,-1.1689
G05,663,1,6.617,0.1282
G05,664,0,3.772,3.1514
G05,665,1,4.3792,3.2675
G05,666,0,4.2684,4.3307
G05,667,1,5.3815,3.1057
G05,668,0,3.6141,1.8456
G05,669,1,4.5882,0.2782
G05,670,0,3.8548,-2.3164
G05,671,1,5.9345,-3.2418
G05,672,0,3.4522,-3.7833
G05,673,1,5.2472,-4.1384
G05,674,0,4.4081,-2.6918
G05,675,1,6.2283,-0.1823
G05,676,0,3.9892,1.0618
G05,677,1,5.17,3.2366
G05,678,0,4.2225,3.5755
G05,679,1,5.2788,3.2736
G05,680,0,4.0476,1.4799
G05,681,1,5.8311,0.9153
G05,682,0,3.8064,-0.2916
G05,683,1,5.3207,-3.1563
G05,684,0,4.7802,-3.4418
G05,685,1,5.5146,-3.7214
G05,686,0,4.5531,-2.7367
G05,687,1,5.6222,-1.7993
G05,688,0,4.0442,1.6769
G05,689,1,4.8546,2.3282
G05,690,0,4.0484,3.0021
G05,691,1,4.0173,3.5879
G05,692,0,4.4051,2.7754
G05,693,1,5.2465,1.3083
G05,694,0,4.9406,-0.7252
G05,695,1,5.0059,-2.4303
G05,696,0,4.6916,-2.825
G05,697,1,4.9865,-3.5928
G05,698,0,4.562,-3.4154
G05,699,1,5.3815,-2.098
G05,700,0,3.3319,0.5435
G05,701,1,5.1556,2.2843
G05,702,0,4.3769,2.9169
G05,703,1,5.3677,3.2062
G05,704,0,5.2202,2.5042
G05,705,1,5.2915,1.3009
G05,706,0,4.7489,-0.264
G05,707,1,5.1136,-1.4853
G05,708,0,4.4424,-3.0028
G05,709,1,4.8533,-4.3084
G05,710,0,4.5007,-3.3987
G05,711,1,5.8138,-1.9385
G05,712,0,4.5709,-0.8849
G05,713,1,6.5704,1.6664
G05,714,0,4.8738,2.7198
G05,715,1,5.651,3.172
G05,716,0,4.7416,3.2131
G05,717,1,5.4991,2.538
G05,718,0,3.7607,0.1034
G05,719,1,5.7641,-0.4516
G07,0,0,-0.1641,-0.688
G07,1,1,2.8444,1.5666
G07,2,0,-0.073,2.9869
G07,3,1,1.9324,3.0441
G07,4,0,-0.601,2.8574
G07,5,1,2.136,1.9227
G07,6,0,0.9903,-0.9167
G07,7,1,1.9261,-1.1212
G07,8,0,-0.012,-3.7722
G07,9,1,1.3292,-3.0511
G07,10,0,0.2081,-2.4982
G07,11,1,1.5958,-1.4041
G07,12,0,-0.3962,0.1779
G07,13,1,2.0238,1.4025
G07,14,0,0.8637,2.1518
G07,15,1,1.9393,2.942
G07,16,0,1.0137,2.994
G07,17,1,1.6989,1.4642
G07,18,0,1.0397,-0.4921
G07,19,1,1.1559,-1.548
G07,20,0,0.2812,-2.5901
G07,21,1,2.3824,-2.465
G07,22,0,-0.7184,-3.2196
G07,23,1,2.3897,-1.8932
G07,24,0,-0.5756,0.9009
G07,25,1,1.2654,1.6542
G07,26,0,0.1329,3.4068
G07,27,1,1.1539,3.4488
G07,28,0,-0.2685,2.967
G07,29,1,1.6456,2.1499
G07,30,0,-0.2613,-1.1786
G07,31,1,1.7169,-1.8328
G07,32,0,0.7392,-3.4027
G07,33,1,1.5053,-2.7894
G07,34,0,-0.4726,-2.7654
G07,35,1,2.0558,-1.2925
G07,36,0,-0.1485,-0.1578
G07,37,1,2.3141,1.4942
G07,38,0,-0.44,3.4064
G07,39,1,2.403,3.992
G07,40,0,0.6405,2.1589
G07,41,1,2.2203,1.0366
G07,42,0,-0.5602,-0.4349
G07,43,1,2.6738,-1.6758
G07,44,0,-0.4179,-3.1201
G07,45,1,2.1261,-3.8574
G07,46,0,0.6428,-2.7446
G07,47,1,1.5171,-1.9013
G07,48,0,0.8483,0.1357
G07,49,1,2.8153,2.5537
G07,50,0,0.8218,2.724
G07,51,1,0.9905,3.3967
G07,52,0,1.3669,2.6167
G07,53,1,1.2561,1.1088
G07,54,0,0.246,-0.7708
G07,55,1,0.9826,-1.886
G07,56,0,-0.041,-2.237
G07,57,1,2.3226,-2.9761
G07,58,0,0.3032,-2.5718
G07,59,1,1.4617,-1.6703
G07,60,0,0.9173,0.447
G07,61,1,2.0988,2.1726
G07,62,0,0.6395,3.776
G07,63,1,2.391,2.8319
G07,64,0,0.3424,2.8342
G07,65,1,2.8183,0.6616
G07,66,0,0.5389,-0.7617
G07,67,1,2.0526,-1.5622
G07,68,0,0.7967,-3.2585
G07,69,1,2.2687,-3.3749
G07,70,0,1.878,-2.4535
G07,71,1,1.9416,-0.6467
G07,72,0,1.1262,1.1599
G07,73,1,3.4124,2.3202
G07,74,0,0.2882,2.9156
G07,75,1,2.2393,3.0894
G07,76,0,1.0927,2.5442
G07,77,1,2.8812,1.5226
G07,78,0,-0.0598,-1.1657
G07,79,1,1.7938,-2.1349
G07,80,0,0.5669,-3.2737
G07,81,1,2.7725,-3.3613
G07,82,0,0.6405,-2.4737
G07,83,1,3.2988,-1.5098
G07,84,0,1.6251,0.2653
G07,85,1,1.7798,2.0025
G07,86,0,2.1515,3.3867
G07,87,1,2.7602,3.564
G07,88,0,0.1666,2.6305
G07,89,1,2.4736,1.9136
G07,90,0,0.5084,-0.6951
G07,91,1,1.9046,-1.9617
G07,92,0,0.7209,-3.5235
G07,93,1,2.7231,-3.0414
G07,94,0,1.0923,-1.9842
G07,95,1,2.5568,-1.4665
G07,96,0,0.1862,1.2913
G07,97,1,2.6047,2.8534
G07,98,0,0.8609,3.3544
G07,99,1,3.0024,2.734
G07,100,0,0.7779,1.9507
G07,101,1,2.4054,1.3719
G07,102,0,0.1267,-0.3868
G07,103,1,1.8134,-1.6106
G07,104,0,0.319,-3.4771
G07,105,1,1.8573,-3.3571
G07,106,0,-0.2878,-2.65
G07,107,1,3.1325,-1.0547
G07,108,0,0.0884,0.7405
G07,109,1,2.666,2.9934
G07,110,0,1.0814,3.1964
G07,111,1,3.0607,3.1608
G07,112,0,0.6624,3.0757
G07,113,1,1.8076,1.4358
G07,114,0,0.6573,-0.8025
G07,115,1,2.3594,-2.0657
G07,116,0,0.7033,-3.2517
G07,117,1,2.2973,-3.8792
G07,118,0,0.3769,-2.5868
G07,119,1,2.7351,-0.114
G07,120,0,0.4432,0.3052
G07,121,1,2.3164,2.3167
G07,122,0,1.0557,3.3895
G07,123,1,3.0971,3.592
G07,124,0,0.6361,3.1862
G07,125,1,2.5206,1.0187
G07,126,0,1.433,-0.5258
G07,127,1,1.5936,-2.1788
G07,128,0,1.2294,-3.649
G07,129,1,3.0963,-2.933
G07,130,0,1.4023,-2.6098
G07,131,1,3.2309,-0.7749
G07,132,0,1.7047,1.9189
G07,133,1,3.5136,2.5018
G07,134,0,1.9937,3.3593
G07,135,1,2.3075,3.1662
G07,136,0,1.2294,2.6388
G07,137,1,2.2118,0.4617
G07,138,0,0.6925,-0.6091
G07,139,1,3.1149,-2.1758
G07,140,0,0.4593,-2.4209
G07,141,1,2.2633,-2.5454
G07,142,0,1.2555,-1.76
G07,143,1,2.5884,-0.8273
G07,144,0,0.9274,0.6677
G07,145,1,2.9345,2.9982
G07,146,0,0.2665,2.8675
G07,147,1,2.4534,3.1249
G07,148,0,0.8575,2.5655
G07,149,1,2.8641,0.9571
G07,150,0,1.136,-0.7962
G07,151,1,3.2102,-2.3334
G07,152,0,1.7701,-2.113
G07,153,1,3.2241,-2.9608
G07,154,0,1.2736,-2.6725
G07,155,1,2.9745,-0.9953
G07,156,0,1.229,0.6362
G07,157,1,2.7256,1.6507
G07,158,0,0.4031,3.2946
G07,159,1,2.477,3.5736
G07,160,0,0.5248,2.3836
G07,161,1,2.5428,0.9199
G07,162,0,0.248,-1.1486
G07,163,1,2.5133,-1.9758
G07,164,0,1.2553,-3.6581
G07,165,1,2.8461,-3.3447
G07,166,0,1.5109,-1.6583
G07,167,1,2.2417,-0.2935
G07,168,0,0.6399,0.8972
G07,169,1,2.9884,3.1937
G07,170,0,0.5624,3.5046
G07,171,1,2.4012,2.6182
G07,172,0,1.0892,2.1551
G07,173,1,1.5864,1.1625
G07,174,0,0.0219,-1.0932
G07,175,1,3.6711,-1.4872
G07,176,0,0.9192,-3.7541
G07,177,1,3.6652,-2.6586
G07,178,0,0.8689,-2.3684
G07,179,1,2.6775,-0.6968
G07,180,0,1.2824,0.8392
G07,181,1,2.8283,2.7655
G07,182,0,0.3991,3.0282
G07,183,1,2.225,3.141
G07,184,0,0.1839,2.4519
G07,185,1,2.4174,-0.0964
G07,186,0,0.9814,-0.4096
G07,187,1,3.4391,-3.2079
G07,188,0,0.5059,-3.3472
G07,189,1,4.2123,-3.365
G07,190,0,0.7238,-1.445
G07,191,1,3.2069,-0.0592
G07,192,0,0.8378,1.0955
G07,193,1,3.7777,2.4938
G07,194,0,1.7719,3.3498
G07,195,1,2.6169,3.0653
G07,196,0,1.7139,2.3067
G07,197,1,3.1273,-0.2163
G07,198,0,0.3428,-1.8119
G07,199,1,2.9055,-2.628
G07,200,0,0.515,-2.7844
G07,201,1,2.5428,-3.5139
G07,202,0,1.3065,-1.6127
G07,203,1,4.2084,-0.1781
G07,204,0,2.062,0.7134
G07,205,1,4.2732,1.8438
G07,206,0,1.0365,3.4308
G07,207,1,2.4102,2.6698
G07,208,0,0.7591,1.853
G07,209,1,3.9305,0.4849
G07,210,0,1.0818,-2.4062
G07,211,1,3.4673,-2.2
G07,212,0,0.4782,-3.2357
G07,213,1,3.3435,-2.5407
G07,214,0,0.9765,-2.3043
G07,215,1,3.0324,0.1782
G07,216,0,1.87,1.2628
G07,217,1,3.7803,1.6825
G07,218,0,1.7569,2.7598
G07,219,1,4.165,2.5861
G07,220,0,0.9502,2.1485
G07,221,1,3.6256,0.2252
G07,222,0,1.5725,-1.1041
G07,223,1,3.5056,-2.7273
G07,224,0,1.6517,-2.6473
G07,225,1,2.7118,-3.2427
G07,226,0,1.4261,-2.3192
G07,227,1,2.4365,0.1728
G07,228,0,0.3148,1.1749
G07,229,1,3.7254,2.7927
G07,230,0,1.2446,2.776
G07,231,1,3.5311,2.5871
G07,232,0,1.5825,1.9189
G07,233,1,3.4475,0.0744
G07,234,0,2.4762,-1.2257
G07,235,1,3.246,-2.4985
G07,236,0,1.0892,-3.3802
G07,237,1,4.5888,-3.1829
G07,238,0,1.4488,-2.0167
G07,239,1,2.8919,-0.0271
G07,240,0,1.5182,1.7726
G07,241,1,3.8261,3.0909
G07,242,0,1.0551,3.4861
G07,243,1,3.7662,2.5428
G07,244,0,1.3663,1.2122
G07,245,1,3.7809,0.5308
G07,246,0,2.25,-1.5289
G07,247,1,3.6847,-2.2462
G07,248,0,1.1745,-3.5958
G07,249,1,3.1122,-2.9817
G07,250,0,1.1288,-2.0471
G07,251,1,3.9236,-0.1642
G07,252,0,1.7278,1.2456
G07,253,1,3.1903,2.8818
G07,254,0,1.6503,3.546
G07,255,1,4.1582,2.6437
G07,256,0,2.029,1.3039
G07,257,1,4.5553,-0.1296
G07,258,0,1.9565,-1.9413
G07,259,1,3.459,-2.0597
G07,260,0,1.2177,-2.3396
G07,261,1,3.5447,-2.4117
G07,262,0,1.8382,-1.5254
G07,263,1,2.8494,-0.2442
G07,264,0,2.2458,1.3935
G07,265,1,3.6415,2.1782
G07,266,0,1.3947,3.6884
G07,267,1,2.9459,3.1801
G07,268,0,1.7636,1.5841
G07,269,1,3.4579,-0.0825
G07,270,0,1.4873,-1.1882
G07,271,1,3.3946,-1.9916
G07,272,0,1.8492,-3.4677
G07,273,1,4.1072,-2.5194
G07,274,0,0.8885,-2.0675
G07,275,1,3.5773,-0.6215
G07,276,0,2.7664,1.9295
G07,277,1,3.6407,2.7035
G07,278,0,1.4388,2.4391
G07,279,1,2.7966,3.6242
G07,280,0,2.5339,1.384
G07,281,1,4.1246,0.2489
G07,282,0,2.0735,-2.2052
G07,283,1,2.7841,-2.2814
G07,284,0,0.789,-3.2946
G07,285,1,3.5141,-2.9223
G07,286,0,1.9441,-1.8601
G07,287,1,3.9069,0.1497
G07,288,0,2.8455,1.0981
G07,289,1,3.7369,3.0529
G07,290,0,1.6848,2.6925
G07,291,1,4.361,2.9538
G07,292,0,1.1939,1.7316
G07,293,1,4.5949,-0.0435
G07,294,0,1.8364,-1.0552
G07,295,1,3.2764,-2.0959
G07,296,0,2.3346,-3.6075
G07,297,1,3.4394,-2.9109
G07,298,0,0.9491,-1.4165
G07,299,1,3.347,0.2852
G07,300,0,1.2319,2.0949
G07,301,1,4.1648,2.6268
G07,302,0,2.0667,3.2655
G07,303,1,4.5482,2.3609
G07,304,0,1.8241,1.2304
G07,305,1,3.8446,0.1146
G07,306,0,1.5878,-1.8992
G07,307,1,4.316,-2.2797
G07,308,0,2.1708,-3.2861
G07,309,1,3.7312,-2.4374
G07,310,0,2.051,-2.1254
G07,311,1,4.1449,-0.111
G07,312,0,1.2442,1.1064
G07,313,1,3.7647,2.5341
G07,314,0,0.8036,3.0829
G07,315,1,3.6404,2.6787
G07,316,0,1.6617,2.166
G07,317,1,4.155,-0.3762
G07,318,0,1.9558,-1.2393
G07,319,1,4.3863,-3.4273
G07,320,0,1.5147,-3.5423
G07,321,1,3.7033,-2.8602
G07,322,0,2.0294,-1.0944
G07,323,1,4.3845,0.1777
G07,324,0,1.2107,1.4209
G07,325,1,3.6884,2.4731
G07,326,0,2.6058,2.7449
G07,327,1,4.2672,2.0172
G07,328,0,2.3774,1.3031
G07,329,1,4.7258,-0.7045
G07,330,0,1.7815,-2.022
G07,331,1,3.9088,-3.0328
G07,332,0,1.9123,-3.3583
G07,333,1,2.9656,-2.1751
G07,334,0,3.5127,-1.2057
G07,335,1,3.4441,-0.0367
G07,336,0,2.4054,2.0576
G07,337,1,3.8807,3.3127
G07,338,0,1.0844,3.521
G07,339,1,4.1532,2.2527
G07,340,0,1.411,1.3425
G07,341,1,4.7483,-0.4108
G07,342,0,1.7127,-1.8532
G07,343,1,4.9669,-2.7474
G07,344,0,2.4187,-2.7162
G07,345,1,4.3077,-2.8507
G07,346,0,1.2935,-1.6333
G07,347,1,3.5345,0.7215
G07,348,0,2.5727,2.0308
G07,349,1,3.4653,3.7598
G07,350,0,1.9802,3.4514
G07,351,1,4.1344,2.6969
G07,352,0,2.483,0.9446
G07,353,1,4.7726,-1.0302
G07,354,0,1.6952,-1.465
G07,355,1,4.4287,-1.921
G07,356,0,2.259,-2.5133
G07,357,1,3.222,-3.0626
G07,358,0,2.6836,-1.8977
G07,359,1,4.0615,0.9991
G07,360,0,2.4997,2.0214
G07,361,1,3.9486,3.1453
G07,362,0,2.55,2.929
G07,363,1,4.37,3.0043
G07,364,0,2.1642,1.1866
G07,365,1,4.4383,-0.2389
G07,366,0,2.7251,-2.4561
G07,367,1,3.9463,-3.1756
G07,368,0,1.8497,-3.9193
G07,369,1,2.6011,-1.9603
G07,370,0,1.5384,-0.4905
G07,371,1,4.6031,0.4337
G07,372,0,2.6321,2.2454
G07,373,1,3.6985,3.0829
G07,374,0,1.8494,3.4497
G07,375,1,3.9035,2.4821
G07,376,0,2.2804,1.1402
G07,377,1,5.1005,-0.6313
G07,378,0,2.9692,-1.9065
G07,379,1,4.9914,-3.1383
G07,380,0,2.7218,-3.2022
G07,381,1,2.8082,-2.8391
G07,382,0,2.6776,-0.8476
G07,383,1,3.6647,0.7587
G07,384,0,2.6507,2.1143
G07,385,1,4.6854,3.3531
G07,386,0,2.395,2.9644
G07,387,1,4.8541,2.6614
G07,388,0,1.7369,1.1118
G07,389,1,3.7739,-0.9957
G07,390,0,2.1128,-2.1374
G07,391,1,4.5464,-3.1902
G07,392,0,2.2681,-3.3678
G07,393,1,4.8941,-3.5051
G07,394,0,2.3087,-0.3621
G07,395,1,4.6425,1.2536
G07,396,0,1.4617,1.6794
G07,397,1,4.6534,3.7637
G07,398,0,1.919,2.9991
G07,399,1,4.6098,1.8368
G07,400,0,2.7599,-0.1305
G07,401,1,4.6675,-1.079
G07,402,0,2.2895,-1.9451
G07,403,1,4.6576,-3.0496
G07,404,0,3.0077,-3.8367
G07,405,1,4.5491,-2.6204
G07,406,0,2.9948,-0.6402
G07,407,1,4.8201,1.4777
G07,408,0,3.1111,2.1718
G07,409,1,4.4717,3.4
G07,410,0,2.6303,3.4251
G07,411,1,3.3738,3.137
G07,412,0,2.6054,0.2264
G07,413,1,4.0421,-1.6089
G07,414,0,2.0444,-2.3192
G07,415,1,5.2643,-2.9002
G07,416,0,2.716,-3.5903
G07,417,1,4.1116,-2.5524
G07,418,0,2.2608,-0.991
G07,419,1,4.3973,0.7443
G07,420,0,2.2906,2.3421
G07,421,1,4.3907,2.5298
G07,422,0,2.6546,3.0739
G07,423,1,3.7729,2.0847
G07,424,0,2.9474,0.3532
G07,425,1,3.9535,-0.9482
G07,426,0,2.9728,-1.5797
G07,427,1,4.9131,-2.6458
G07,428,0,2.8477,-3.389
G07,429,1,4.922,-2.2329
G07,430,0,2.8753,-1.1615
G07,431,1,4.8422,0.9027
G07,432,0,2.8152,2.3037
G07,433,1,4.4842,3.3902
G07,434,0,2.5102,2.4579
G07,435,1,3.7013,2.3467
G07,436,0,2.5022,0.0427
G07,437,1,4.7004,-0.9244
G07,438,0,2.4886,-2.2631
G07,439,1,5.3149,-2.582
G07,440,0,2.8216,-3.1252
G07,441,1,4.7509,-2.0203
G07,442,0,2.6289,-0.637
G07,443,1,3.9009,1.054
G07,444,0,3.0125,2.1893
G07,445,1,4.6498,2.76
G07,446,0,2.1647,3.1654
G07,447,1,4.3464,1.499
G07,448,0,2.2462,0.2808
G07,449,1,5.1082,-0.883
G07,450,0,2.3783,-2.6501
G07,451,1,5.3884,-2.7386
G07,452,0,2.2681,-2.5974
G07,453,1,4.7071,-1.7678
G07,454,0,2.7561,-0.1564
G07,455,1,4.1822,0.9866
G07,456,0,3.456,1.467
G07,457,1,4.7494,3.0655
G07,458,0,3.2036,3.4904
G07,459,1,5.1486,2.2619
G07,460,0,2.8952,0.4623
G07,461,1,4.9019,-0.4331
G07,462,0,2.4738,-2.6227
G07,463,1,4.7722,-2.7262
G07,464,0,3.0112,-2.6466
G07,465,1,5.3374,-1.7969
G07,466,0,2.3825,0.1074
G07,467,1,5.5384,1.1842
G07,468,0,2.2367,1.8512
G07,469,1,4.974,2.9538
G07,470,0,2.0821,2.3928
G07,471,1,4.6257,2.1878
G07,472,0,3.6502,0.7257
G07,473,1,4.6823,-0.9386
G07,474,0,3.1072,-2.2068
G07,475,1,4.8649,-2.7242
G07,476,0,3.3857,-2.9862
G07,477,1,4.8379,-1.6082
G07,478,0,2.6321,-1.104
G07,479,1,4.1565,0.9038
G07,480,0,3.3286,2.3579
G07,481,1,5.0242,3.0489
G07,482,0,2.7697,2.5912
G07,483,1,4.889,1.9814
G07,484,0,3.2306,0.5744
G07,485,1,4.8491,-1.7701
G07,486,0,3.5708,-2.5861
G07,487,1,4.9995,-2.5064
G07,488,0,3.5024,-2.8121
G07,489,1,4.9712,-1.9284
G07,490,0,3.1821,-0.2571
G07,491,1,5.8373,2.2955
G07,492,0,3.2196,1.7016
G07,493,1,4.5232,3.9931
G07,494,0,3.4455,3.1515
G07,495,1,4.9267,1.5132
G07,496,0,3.9358,0.0525
G07,497,1,5.3856,-1.754
G07,498,0,3.0052,-2.1934
G07,499,1,4.9104,-3.3129
G07,500,0,3.1303,-3.5058
G07,501,1,4.2881,-1.5764
G07,502,0,2.9272,-0.0637
G07,503,1,5.6168,1.8459
G07,504,0,2.3425,2.3344
G07,505,1,5.3401,3.4916
G07,506,0,4.283,2.5823
G07,507,1,5.6667,2.0871
G07,508,0,2.3579,0.0918
G07,509,1,5.2281,-1.9838
G07,510,0,2.1544,-3.3516
G07,511,1,5.2389,-3.3674
G07,512,0,2.8912,-3.1721
G07,513,1,4.4129,-1.9916
G07,514,0,2.3057,0.2034
G07,515,1,5.9778,0.4843
G07,516,0,2.9913,2.4954
G07,517,1,5.0604,3.6799
G07,518,0,3.0053,2.8837
G07,519,1,6.6438,1.8318
G07,520,0,4.1298,0.4447
G07,521,1,4.8965,-1.6511
G07,522,0,3.2589,-3.1358
G07,523,1,4.7545,-3.3483
G07,524,0,3.4211,-2.164
G07,525,1,4.9557,-1.5599
G07,526,0,2.4766,0.2243
G07,527,1,4.3522,1.8152
G07,528,0,3.2597,2.6509
G07,529,1,5.0727,2.7522
G07,530,0,2.6907,3.2262
G07,531,1,5.2408,1.6919
G07,532,0,3.5459,0.21
G07,533,1,4.8523,-0.4274
G07,534,0,3.7065,-2.6681
G07,535,1,5.004,-2.7952
G07,536,0,2.9577,-3.224
G07,537,1,6.1158,-1.6736
G07,538,0,2.9822,-0.1304
G07,539,1,5.7083,1.808
G07,540,0,3.8603,2.2329
G07,541,1,5.7701,3.2101
G07,542,0,3.4319,3.3439
G07,543,1,5.6599,1.8974
G07,544,0,2.4117,0.078
G07,545,1,4.9314,-1.2004
G07,546,0,3.9061,-2.8805
G07,547,1,5.0025,-2.5534
G07,548,0,3.1245,-3.3205
G07,549,1,4.9325,-1.8491
G07,550,0,3.0084,0.2823
G07,551,1,4.2649,1.2628
G07,552,0,3.4263,2.8621
G07,553,1,6.2151,3.9103
G07,554,0,2.6651,2.0463
G07,555,1,5.3973,1.4205
G07,556,0,2.8812,0.0304
G07,557,1,5.5122,-1.8917
G07,558,0,3.1766,-3.1041
G07,559,1,5.2048,-2.9654
G07,560,0,2.9631,-3.0606
G07,561,1,5.2234,-1.5645
G07,562,0,3.65,0.8396
G07,563,1,5.7198,1.9247
G07,564,0,3.3922,2.4166
G07,565,1,5.1842,2.9968
G07,566,0,3.7329,2.114
G07,567,1,5.755,1.5827
G07,568,0,3.9153,-0.3419
G07,569,1,5.0233,-1.7793
G07,570,0,3.348,-2.5046
G07,571,1,5.8817,-2.4124
G07,572,0,3.3282,-4.12
G07,573,1,5.2934,-1.405
G07,574,0,3.9434,0.208
G07,575,1,5.2626,2.4399
G07,576,0,3.0851,2.7374
G07,577,1,4.9844,3.2909
G07,578,0,4.404,2.688
G07,579,1,5.4677,0.8796
G07,580,0,3.482,0.3447
G07,581,1,5.4227,-1.8051
G07,582,0,4.1883,-2.9926
G07,583,1,6.2034,-3.702
G07,584,0,3.9877,-2.0589
G07,585,1,6.0744,-2.1906
G07,586,0,3.3445,0.0596
G07,587,1,6.0879,1.2676
G07,588,0,3.1674,2.2321
G07,589,1,5.1859,2.7729
G07,590,0,4.4835,2.4438
G07,591,1,5.954,1.5093
G07,592,0,3.702,-0.4334
G07,593,1,6.0059,-1.6748
G07,594,0,3.7607,-3.1389
G07,595,1,5.4207,-2.9392
G07,596,0,3.8396,-2.6359
G07,597,1,5.2717,-0.582
G07,598,0,3.4985,0.2178
G07,599,1,5.5666,2.6592
G07,600,0,3.6051,2.7596
G07,601,1,5.7312,2.9942
G07,602,0,3.8181,3.6261
G07,603,1,5.8341,1.5434
G07,604,0,3.4174,0.4261
G07,605,1,6.6632,-1.452
G07,606,0,4.1132,-3.0251
G07,607,1,5.9048,-3.5104
G07,608,0,3.239,-3.2473
G07,609,1,5.9269,-1.8622
G07,610,0,3.5636,0.2776
G07,611,1,6.2306,1.6928
G07,612,0,4.3796,3.3256
G07,613,1,5.2137,3.7235
G07,614,0,3.6962,2.4217
G07,615,1,5.6207,1.3694
G07,616,0,3.6433,-0.6786
G07,617,1,5.3981,-1.8002
G07,618,0,3.7826,-2.7465
G07,619,1,5.8109,-3.1338
G07,620,0,4.1703,-2.0277
G07,621,1,6.5241,-0.6947
G07,622,0,4.3211,1.2192
G07,623,1,6.0279,2.1175
G07,624,0,5.0178,1.8704
G07,625,1,5.7158,3.768
G07,626,0,4.4008,3.6198
G07,627,1,5.8884,1.1297
G07,628,0,3.7596,-0.2818
G07,629,1,6.6551,-1.2528
G07,630,0,3.9096,-2.8861
G07,631,1,5.5551,-3.3616
G07,632,0,4.4712,-1.9097
G07,633,1,5.525,-1.0723
G07,634,0,3.8414,0.7965
G07,635,1,5.6913,1.2631
G07,636,0,4.475,2.8794
G07,637,1,5.798,3.4276
G07,638,0,4.1633,2.721
G07,639,1,5.098,1.4623
G07,640,0,3.049,-0.1708
G07,641,1,6.4794,-2.5261
G07,642,0,4.1761,-2.5874
G07,643,1,5.7111,-2.8729
G07,644,0,2.6375,-2.0687
G07,645,1,5.9623,-1.2076
G07,646,0,4.5277,1.2188
G07,647,1,6.2018,2.7516
G07,648,0,3.2762,3.2983
G07,649,1,5.9066,2.9206
G07,650,0,3.1017,2.7383
G07,651,1,6.4208,1.7127
G07,652,0,4.6611,-0.8667
G07,653,1,6.6403,-1.4624
G07,654,0,3.958,-3.0296
G07,655,1,5.5445,-2.5339
G07,656,0,3.3469,-2.2505
G07,657,1,5.725,-1.4838
G07,658,0,3.1786,0.5026
G07,659,1,5.4049,2.1785
G07,660,0,5.0064,3.1341
G07,661,1,7.0422,2.8292
G07,662,0,3.4994,2.0276
G07,663,1,6.0274,2.2037
G07,664,0,3.322,-0.3745
G07,665,1,5.7236,-2.1737
G07,666,0,3.5358,-2.709
G07,667,1,6.0629,-2.6796
G07,668,0,4.2623,-3.202
G07,669,1,6.6435,-1.7817
G07,670,0,3.256,0.2896
G07,671,1,5.6596,2.7757
G07,672,0,4.1147,3.5817
G07,673,1,5.8394,3.3413
G07,674,0,4.4486,2.6774
G07,675,1,5.9032,0.8788
G07,676,0,4.0765,-1.3659
G07,677,1,6.1055,-2.2925
G07,678,0,4.5265,-3.0505
G07,679,1,6.8255,-3.0764
G07,680,0,3.9699,-2.3475
G07,681,1,6.533,-1.6154
G07,682,0,3.9062,0.4508
G07,683,1,6.3895,2.4773
G07,684,0,4.3254,2.0942
G07,685,1,5.3744,3.0998
G07,686,0,4.0377,2.3482
G07,687,1,5.976,1.5828
G07,688,0,3.1573,-0.6447
G07,689,1,6.6348,-1.9059
G07,690,0,4.7047,-2.7312
G07,691,1,5.9339,-3.5341
G07,692,0,3.3114,-2.4678
G07,693,1,5.86,-0.3571
G07,694,0,4.1943,0.3852
G07,695,1,5.6678,3.1216
G07,696,0,4.339,2.8017
G07,697,1,6.3341,3.9473
G07,698,0,4.1684,2.5737
G07,699,1,6.8758,0.1265
G07,700,0,4.057,-0.4078
G07,701,1,5.949,-2.0739
G07,702,0,4.0097,-3.3081
G07,703,1,6.0272,-2.8117
G07,704,0,4.5004,-2.2297
G07,705,1,7.5714,-0.0529
G07,706,0,3.4256,0.693
G07,707,1,7.5435,2.1346
G07,708,0,5.465,2.964
G07,709,1,6.2307,3.5096
G07,710,0,4.3926,2.4441
G07,711,1,7.1444,1.1297
G07,712,0,4.5205,-0.2297
G07,713,1,6.809,-2.5896
G07,714,0,5.4489,-2.8852
G07,715,1,6.2784,-3.8681
G07,716,0,3.7888,-1.5289
G07,717,1,7.2639,-0.6525
G07,718,0,3.6057,0.502
G07,719,1,5.601,1.745
G10,0,0,-0.0328,-0.0202
G10,1,1,1.4144,1.8539
G10,2,0,-0.5816,3.2212
G10,3,1,1.4752,3.0177
G10,4,0,-0.3341,2.396
G10,5,1,1.2006,0.5995
G10,6,0,-0.496,-1.5542
G10,7,1,1.7535,-2.4805
G10,8,0,-0.4382,-2.9947
G10,9,1,1.7721,-2.3789
G10,10,0,-0.0048,-0.8605
G10,11,1,0.2888,0.208
G10,12,0,0.2673,1.8045
G10,13,1,2.0017,3.1634
G10,14,0,0.4987,3.142
G10,15,1,1.3625,1.5803
G10,16,0,-0.2341,0.665
G10,17,1,2.5566,-1.7336
G10,18,0,0.3335,-2.106
G10,19,1,1.3509,-2.8049
G10,20,0,0.6247,-1.613
G10,21,1,1.5521,-0.4104
G10,22,0,-0.8446,1.5266
G10,23,1,1.9774,2.4588
G10,24,0,0.9713,2.4224
G10,25,1,0.8695,1.9976
G10,26,0,0.1153,0.8715
G10,27,1,1.0419,-0.4447
G10,28,0,1.2996,-2.3011
G10,29,1,2.212,-3.1137
G10,30,0,0.8022,-1.8364
G10,31,1,2.0037,-0.9432
G10,32,0,-1.489,0.3645
G10,33,1,1.1647,1.6736
G10,34,0,0.2824,2.545
G10,35,1,1.0636,2.1029
G10,36,0,-0.1841,1.8306
G10,37,1,1.1696,-0.3398
G10,38,0,-0.0236,-1.5543
G10,39,1,1.8209,-3.7743
G10,40,0,0.8341,-2.0599
G10,41,1,0.9721,-2.0823
G10,42,0,0.0051,-0.5569
G10,43,1,1.713,0.5963
G10,44,0,-0.3642,3.0565
G10,45,1,1.0668,3.2671
G10,46,0,0.4907,1.3402
G10,47,1,1.9733,0.6925
G10,48,0,0.0396,-0.8226
G10,49,1,1.8939,-1.8804
G10,50,0,0.9861,-2.5785
G10,51,1,0.8485,-2.4629
G10,52,0,2.0076,-0.8167
G10,53,1,3.0021,1.1008
G10,54,0,0.4757,2.0444
G10,55,1,1.6391,2.0474
G10,56,0,0.3603,3.0097
G10,57,1,1.3297,1.7069
G10,58,0,0.8494,-0.4192
G10,59,1,1.427,-1.9423
G10,60,0,-0.0951,-3.0822
G10,61,1,1.1827,-2.0497
G10,62,0,-0.1359,-1.7914
G10,63,1,1.4225,0.1369
G10,64,0,1.1496,1.5525
G10,65,1,1.8975,2.3404
G10,66,0,-0.2689,3.509
G10,67,1,1.3007,2.4577
G10,68,0,1.0308,0.5912
G10,69,1,2.341,-0.4442
G10,70,0,1.4254,-2.3212
G10,71,1,1.0248,-2.8848
G10,72,0,0.5694,-2.3664
G10,73,1,1.5476,-1.9319
G10,74,0,0.7315,1.1543
G10,75,1,2.0504,2.1237
G10,76,0,0.8023,2.82
G10,77,1,2.3302,2.7818
G10,78,0,0.3087,1.2814
G10,79,1,1.6677,0.2464
G10,80,0,0.3193,-1.3554
G10,81,1,2.0736,-2.1397
G10,82,0,1.2459,-2.6615
G10,83,1,1.0873,-2.0221
G10,84,0,0.5502,-1.2405
G10,85,1,2.6415,1.1988
G10,86,0,0.7555,2.8605
G10,87,1,1.4997,3.0203
G10,88,0,0.4872,2.1475
G10,89,1,1.431,1.6475
G10,90,0,0.3478,-0.3967
G10,91,1,0.813,-1.5314
G10,92,0,1.1766,-2.681
G10,93,1,1.7678,-2.2404
G10,94,0,1.8961,-2.037
G10,95,1,2.3571,-0.072
G10,96,0,0.5886,1.635
G10,97,1,1.6776,2.6739
G10,98,0,-0.0359,3.0257
G10,99,1,0.9092,1.9658
G10,100,0,0.4383,-0.2674
G10,101,1,2.0632,-1.9416
G10,102,0,0.6602,-3.0354
G10,103,1,2.2237,-3.0324
G10,104,0,0.3922,-1.9061
G10,105,1,1.5308,-0.6074
G10,106,0,-0.203,1.2248
G10,107,1,2.9941,3.4079
G10,108,0,0.7271,3.0566
G10,109,1,0.9795,2.9422
G10,110,0,1.1313,0.8603
G10,111,1,2.7174,-0.602
G10,112,0,0.4381,-1.7749
G10,113,1,1.4146,-2.2433
G10,114,0,0.1088,-2.9231
G10,115,1,1.5149,-1.0922
G10,116,0,0.3724,-0.4236
G10,117,1,1.7012,1.6699
G10,118,0,0.0623,2.1297
G10,119,1,3.2671,2.3584
G10,120,0,0.5653,1.653
G10,121,1,1.8316,0.6241
G10,122,0,1.3046,-1.3808
G10,123,1,1.3781,-1.8523
G10,124,0,0.7205,-2.0402
G10,125,1,0.8136,-1.9796
G10,126,0,1.8844,-0.8989
G10,127,1,1.9811,1.0205
G10,128,0,0.4805,2.0451
G10,129,1,1.9294,2.5376
G10,130,0,1.5151,2.5449
G10,131,1,2.2783,1.5423
G10,132,0,0.6739,-0.7331
G10,133,1,1.803,-1.8222
G10,134,0,0.2319,-2.8743
G10,135,1,1.8649,-1.6576
G10,136,0,-0.7359,-1.6236
G10,137,1,3.1592,0.0841
G10,138,0,1.2933,1.5678
G10,139,1,1.8035,1.7002
G10,140,0,0.9925,2.3722
G10,141,1,1.7399,1.7451
G10,142,0,1.8851,1.4114
G10,143,1,2.3342,-1.2791
G10,144,0,0.2269,-2.1596
G10,145,1,3.2419,-2.7878
G10,146,0,-0.4477,-1.9201
G10,147,1,2.7984,-1.4621
G10,148,0,1.0259,0.91
G10,149,1,2.2057,1.8237
G10,150,0,1.5183,2.5659
G10,151,1,1.4109,1.6572
G10,152,0,1.6709,1.5303
G10,153,1,2.3228,-0.4231
G10,154,0,0.6601,-2.2059
G10,155,1,2.0383,-3.4384
G10,156,0,0.5542,-2.7219
G10,157,1,2.6462,-1.6218
G10,158,0,1.442,0.3951
G10,159,1,2.915,1.6576
G10,160,0,1.0068,2.102
G10,161,1,2.7456,3.4245
G10,162,0,1.2081,2.7483
G10,163,1,1.4628,0.1691
G10,164,0,1.5139,-0.921
G10,165,1,3.0987,-2.2336
G10,166,0,0.5412,-2.828
G10,167,1,1.4837,-2.6615
G10,168,0,1.606,-0.6528
G10,169,1,2.5801,-0.0297
G10,170,0,0.8576,1.5154
G10,171,1,3.0577,2.5272
G10,172,0,0.4542,2.4929
G10,173,1,2.0315,2.0375
G10,174,0,0.6674,-0.7277
G10,175,1,1.1791,-1.6402
G10,176,0,0.7787,-3.1761
G10,177,1,3.1024,-2.3204
G10,178,0,1.0964,-1.2125
G10,179,1,2.8138,-0.5479
G10,180,0,0.5308,1.635
G10,181,1,2.6741,2.5543
G10,182,0,0.6535,2.9657
G10,183,1,2.0281,2.08
G10,184,0,1.9773,0.4401
G10,185,1,1.5732,-1.2759
G10,186,0,1.731,-2.1022
G10,187,1,2.4113,-2.8933
G10,188,0,1.4525,-2.6701
G10,189,1,2.6723,-1.3599
G10,190,0,0.6743,0.2266
G10,191,1,2.2954,1.9445
G10,192,0,1.3346,1.2174
G10,193,1,2.0608,2.4269
G10,194,0,2.073,1.0746
G10,195,1,2.6281,0.6034
G10,196,0,0.4743,-1.4179
G10,197,1,2.0888,-2.7152
G10,198,0,0.7783,-2.9603
G10,199,1,4.1162,-1.466
G10,200,0,1.8799,-0.2011
G10,201,1,1.6542,1.4026
G10,202,0,1.8759,2.0352
G10,203,1,3.1369,3.0663
G10,204,0,2.3339,1.9858
G10,205,1,1.97,0.7322
G10,206,0,2.1083,-1.5133
G10,207,1,1.4275,-2.0395
G10,208,0,1.047,-2.7291
G10,209,1,3.163,-2.5668
G10,210,0,0.2416,-0.4196
G10,211,1,2.0649,-0.0179
G10,212,0,1.956,1.667
G10,213,1,2.6113,2.9007
G10,214,0,1.957,2.4464
G10,215,1,3.529,0.8093
G10,216,0,1.7844,-0.2488
G10,217,1,3.4571,-1.3618
G10,218,0,0.9778,-2.2518
G10,219,1,3.1957,-2.3896
G10,220,0,0.7863,-2.1377
G10,221,1,2.6952,-0.4898
G10,222,0,1.8162,0.2759
G10,223,1,2.9012,2.2431
G10,224,0,0.9206,2.4461
G10,225,1,2.5999,0.8445
G10,226,0,1.0115,0.5985
G10,227,1,3.0396,-0.9322
G10,228,0,1.302,-1.4274
G10,229,1,3.316,-2.3085
G10,230,0,1.1517,-2.2399
G10,231,1,2.6263,-1.3753
G10,232,0,1.6842,-0.0111
G10,233,1,3.6261,1.7087
G10,234,0,1.816,3.2038
G10,235,1,3.3749,2.1086
G10,236,0,1.7294,2.0511
G10,237,1,3.3074,-0.18
G10,238,0,1.1119,-0.9624
G10,239,1,2.3745,-2.5316
G10,240,0,2.401,-2.7352
G10,241,1,2.407,-2.3326
G10,242,0,1.7027,-1.1795
G10,243,1,2.6936,1.1427
G10,244,0,2.2678,2.503
G10,245,1,2.4393,3.2618
G10,246,0,1.3663,1.8091
G10,247,1,2.7617,1.6895
G10,248,0,1.6445,-0.5314
G10,249,1,3.8086,-2.4745
G10,250,0,0.8275,-3.3416
G10,251,1,3.0981,-2.3942
G10,252,0,2.457,-1.3601
G10,253,1,2.6664,0.1497
G10,254,0,1.6548,0.9549
G10,255,1,4.4596,2.8409
G10,256,0,1.7201,2.9001
G10,257,1,3.3281,1.8042
G10,258,0,1.2516,0.5797
G10,259,1,3.1555,-1.5187
G10,260,0,2.4363,-2.2862
G10,261,1,3.3648,-2.1264
G10,262,0,1.65,-1.9904
G10,263,1,3.4231,-1.0108
G10,264,0,1.6809,0.889
G10,265,1,2.4259,3.1339
G10,266,0,0.8579,2.2194
G10,267,1,3.7364,2.7027
G10,268,0,1.0884,1.4252
G10,269,1,3.8367,-0.3723
G10,270,0,3.1733,-2.5492
G10,271,1,3.4067,-2.1569
G10,272,0,2.2096,-2.6408
G10,273,1,2.8565,-1.337
G10,274,0,2.1789,0.2111
G10,275,1,3.6297,1.1601
G10,276,0,1.5948,2.1634
G10,277,1,2.8268,3.1387
G10,278,0,1.7992,2.943
G10,279,1,3.1706,0.5413
G10,280,0,1.8107,-1.3848
G10,281,1,3.0395,-1.8394
G10,282,0,1.8277,-3.0561
G10,283,1,2.5561,-2.3251
G10,284,0,1.8172,-0.4184
G10,285,1,2.3311,0.6388
G10,286,0,1.87,1.3487
G10,287,1,2.6334,2.5041
G10,288,0,1.3449,2.5069
G10,289,1,3.0307,1.1262
G10,290,0,2.0572,0.4032
G10,291,1,4.0722,-2.4824
G10,292,0,2.1549,-2.7108
G10,293,1,3.2362,-2.7113
G10,294,0,1.9047,-1.6071
G10,295,1,2.829,-0.4641
G10,296,0,1.5935,1.5011
G10,297,1,3.515,2.8767
G10,298,0,1.58,2.8207
G10,299,1,3.7353,2.5088
G10,300,0,1.8414,0.5051
G10,301,1,3.3068,-1.421
G10,302,0,1.7768,-1.9727
G10,303,1,3.577,-2.8006
G10,304,0,2.0245,-2.5986
G10,305,1,3.6247,-0.995
G10,306,0,1.7547,0.4478
G10,307,1,3.1991,1.8652
G10,308,0,2.3013,2.55
G10,309,1,4.1583,3.1209
G10,310,0,1.4278,1.4365
G10,311,1,2.888,-0.2359
G10,312,0,3.0949,-1.789
G10,313,1,3.4785,-2.3365
G10,314,0,1.3904,-2.9809
G10,315,1,2.5955,-2.0702
G10,316,0,0.3455,-0.0675
G10,317,1,4.472,1.4052
G10,318,0,1.1778,2.1738
G10,319,1,3.0477,2.3697
G10,320,0,2.4918,2.4029
G10,321,1,2.6619,1.0563
G10,322,0,2.8854,-0.1348
G10,323,1,4.9732,-2.5044
G10,324,0,3.6397,-2.881
G10,325,1,3.0088,-2.1591
G10,326,0,1.7047,-0.9728
G10,327,1,2.6053,0.4212
G10,328,0,2.785,1.8808
G10,329,1,3.4535,2.9233
G10,330,0,2.7318,1.8789
G10,331,1,3.7192,1.4602
G10,332,0,2.1703,0.3945
G10,333,1,2.7148,-1.9165
G10,334,0,0.9809,-2.7777
G10,335,1,4.1707,-2.67
G10,336,0,1.3338,-2.0567
G10,337,1,2.5719,-0.8098
G10,338,0,2.3348,0.7145
G10,339,1,4.0712,2.3896
G10,340,0,2.1739,2.6258
G10,341,1,3.8894,2.5233
G10,342,0,2.3291,1.0652
G10,343,1,3.3388,-0.5048
G10,344,0,1.9568,-2.115
G10,345,1,3.3155,-2.8631
G10,346,0,1.7685,-2.2173
G10,347,1,4.2343,-0.7305
G10,348,0,1.4566,0.8534
G10,349,1,3.3156,2.0987
G10,350,0,1.6694,2.7113
G10,351,1,3.6894,2.0426
G10,352,0,2.5478,2.1582
G10,353,1,3.4227,0.6921
G10,354,0,2.104,-1.1176
G10,355,1,2.2666,-1.4964
G10,356,0,3.08,-2.8114
G10,357,1,2.42,-1.7903
G10,358,0,1.412,-0.3603
G10,359,1,3.7953,0.7403
G10,360,0,2.8909,2.6217
G10,361,1,4.1304,2.7958
G10,362,0,1.4532,2.6273
G10,363,1,3.4304,0.4573
G10,364,0,3.048,0.1892
G10,365,1,3.5739,-1.1219
G10,366,0,2.3397,-2.8675
G10,367,1,3.2496,-1.7604
G10,368,0,1.854,-1.0668
G10,369,1,3.3028,0.079
G10,370,0,2.9015,1.5598
G10,371,1,3.4036,3.121
G10,372,0,3.2383,2.8811
G10,373,1,3.2732,1.57
G10,374,0,2.3832,0.3559
G10,375,1,3.0952,-1.008
G10,376,0,2.3989,-3.1393
G10,377,1,3.1414,-2.869
G10,378,0,2.3208,-1.2899
G10,379,1,3.8212,-0.9474
G10,380,0,2.5011,0.806
G10,381,1,3.8832,2.5099
G10,382,0,3.0789,2.7323
G10,383,1,4.6471,2.721
G10,384,0,1.9955,1.9603
G10,385,1,3.9095,-0.8049
G10,386,0,3.3575,-1.1161
G10,387,1,3.7161,-2.8458
G10,388,0,2.3264,-2.2316
G10,389,1,4.4781,-1.1921
G10,390,0,2.4957,0.6814
G10,391,1,3.5812,2.0701
G10,392,0,2.2853,2.7506
G10,393,1,3.7076,2.6863
G10,394,0,2.2467,2.3569
G10,395,1,3.366,0.1103
G10,396,0,3.6876,-0.8435
G10,397,1,2.4339,-2.5713
G10,398,0,1.4515,-3.1111
G10,399,1,2.0156,-2.1304
G10,400,0,1.8471,-0.762
G10,401,1,2.8934,0.9082
G10,402,0,2.2753,2.75
G10,403,1,4.6419,3.0985
G10,404,0,2.3383,3.1668
G10,405,1,2.9596,0.6871
G10,406,0,2.4896,0.5021
G10,407,1,3.7443,-1.8746
G10,408,0,1.7256,-2.2915
G10,409,1,4.4175,-2.2001
G10,410,0,2.2028,-1.8574
G10,411,1,3.1457,0.04
G10,412,0,1.9573,1.0348
G10,413,1,3.6553,2.3875
G10,414,0,2.2799,2.873
G10,415,1,3.9552,1.85
G10,416,0,2.7046,0.0867
G10,417,1,3.9827,-1.0075
G10,418,0,1.7532,-1.9345
G10,419,1,3.4311,-2.6546
G10,420,0,3.2907,-1.8356
G10,421,1,3.9671,-1.0021
G10,422,0,3.1792,0.9711
G10,423,1,3.6065,1.8031
G10,424,0,1.4652,2.7847
G10,425,1,3.9252,2.9399
G10,426,0,2.8678,1.8418
G10,427,1,3.5863,0.2346
G10,428,0,2.3726,-1.4454
G10,429,1,3.1635,-2.4922
G10,430,0,1.5528,-2.7136
G10,431,1,4.2618,-1.8365
G10,432,0,2.0994,0.1657
G10,433,1,3.9634,1.2502
G10,434,0,2.7365,3.531
G10,435,1,4.6945,3.2231
G10,436,0,2.974,2.0707
G10,437,1,2.6776,0.3867
G10,438,0,2.4627,-1.7464
G10,439,1,3.3983,-3.0004
G10,440,0,2.7281,-2.4166
G10,441,1,4.7053,-2.0629
G10,442,0,2.2117,-1.7972
G10,443,1,3.0806,0.1222
G10,444,0,2.2668,1.92
G10,445,1,3.5177,2.8901
G10,446,0,2.6547,2.4974
G10,447,1,4.7619,1.0009
G10,448,0,3.0394,-0.1468
G10,449,1,3.9319,-1.2522
G10,450,0,3.3151,-2.9747
G10,451,1,4.0309,-2.482
G10,452,0,2.6689,-1.5452
G10,453,1,4.3083,0.4812
G10,454,0,1.9626,1.2348
G10,455,1,3.6406,2.7139
G10,456,0,1.9254,2.8647
G10,457,1,3.8123,1.847
G10,458,0,2.0355,0.5461
G10,459,1,4.8051,-0.8392
G10,460,0,3.2339,-1.5231
G10,461,1,4.3483,-2.9118
G10,462,0,3.1546,-2.5638
G10,463,1,3.9216,-1.7005
G10,464,0,3.4296,0.2982
G10,465,1,4.3266,1.5303
G10,466,0,3.1617,2.3774
G10,467,1,4.154,2.9436
G10,468,0,3.3771,1.5203
G10,469,1,3.2366,1.2291
G10,470,0,3.9357,-1.2631
G10,471,1,3.8294,-2.5489
G10,472,0,2.6393,-2.1717
G10,473,1,4.4226,-2.1362
G10,474,0,2.6934,0.0209
G10,475,1,5.1999,1.828
G10,476,0,3.4078,2.2599
G10,477,1,2.4442,2.906
G10,478,0,2.9865,2.2259
G10,479,1,4.3408,0.3755
G10,480,0,3.3187,-0.5051
G10,481,1,4.7126,-1.6795
G10,482,0,3.3579,-2.8929
G10,483,1,4.2945,-2.3243
G10,484,0,3.0866,-0.8623
G10,485,1,4.7155,1.203
G10,486,0,4.299,1.8301
G10,487,1,2.1665,3.1938
G10,488,0,2.741,2.2696
G10,489,1,4.1447,1.5057
G10,490,0,3.4126,-0.5066
G10,491,1,3.7688,-1.2571
G10,492,0,3.4312,-2.2486
G10,493,1,3.9475,-3.0403
G10,494,0,2.7978,-1.8696
G10,495,1,5.2593,-1.3175
G10,496,0,2.9738,0.5211
G10,497,1,3.4779,2.7281
G10,498,0,3.4239,2.9216
G10,499,1,4.9616,2.1049
G10,500,0,2.8776,1.8454
G10,501,1,4.3065,-0.2902
G10,502,0,3.1411,-2.7588
G10,503,1,3.291,-2.8946
G10,504,0,3.7538,-2.155
G10,505,1,4.9951,-1.7156
G10,506,0,4.0864,-0.1865
G10,507,1,4.6067,1.7457
G10,508,0,3.0756,3.1486
G10,509,1,4.0944,2.1407
G10,510,0,3.1989,1.5754
G10,511,1,6.441,0.562
G10,512,0,2.966,-1.7542
G10,513,1,3.4475,-2.8077
G10,514,0,3.2782,-2.1513
G10,515,1,5.1763,-1.911
G10,516,0,3.0402,-0.5694
G10,517,1,4.251,1.6674
G10,518,0,3.1293,2.1857
G10,519,1,3.2932,2.7137
G10,520,0,3.7282,1.8916
G10,521,1,4.1433,1.459
G10,522,0,2.4182,-0.0865
G10,523,1,4.2808,-2.0386
G10,524,0,2.6324,-2.5418
G10,525,1,6.0039,-2.1607
G10,526,0,2.7934,-1.0291
G10,527,1,4.429,0.6677
G10,528,0,3.7612,0.4249
G10,529,1,4.0485,3.0001
G10,530,0,3.3992,2.2542
G10,531,1,4.2728,1.1224
G10,532,0,3.2745,1.2504
G10,533,1,5.1077,-0.2974
G10,534,0,3.842,-1.9796
G10,535,1,5.7887,-2.5332
G10,536,0,3.243,-1.7235
G10,537,1,5.5037,-0.941
G10,538,0,2.95,0.8667
G10,539,1,5.1604,2.5105
G10,540,0,2.5608,3.4962
G10,541,1,4.3309,2.3274
G10,542,0,2.8714,2.2844
G10,543,1,4.8484,-0.6707
G10,544,0,3.8939,-1.5344
G10,545,1,4.6152,-2.2801
G10,546,0,2.9407,-2.766
G10,547,1,3.5857,-2.0652
G10,548,0,4.4585,0.596
G10,549,1,4.7851,2.2043
G10,550,0,3.346,2.4298
G10,551,1,4.7923,2.6903
G10,552,0,3.327,2.3807
G10,553,1,4.8584,0.8299
G10,554,0,4.0522,-0.9496
G10,555,1,4.2303,-2.8125
G10,556,0,3.5601,-2.8094
G10,557,1,4.8475,-2.1694
G10,558,0,4.9646,-1.4513
G10,559,1,3.6723,0.8706
G10,560,0,3.2848,2.1862
G10,561,1,5.1563,3.2832
G10,562,0,2.6508,2.222
G10,563,1,5.0802,1.6798
G10,564,0,4.7791,0.1263
G10,565,1,4.8151,-2.0488
G10,566,0,3.2149,-2.868
G10,567,1,5.2346,-2.4592
G10,568,0,2.7932,-1.864
G10,569,1,5.3742,0.0043
G10,570,0,3.8876,1.5353
G10,571,1,5.8149,2.6183
G10,572,0,3.3543,2.3472
G10,573,1,5.0402,1.0918
G10,574,0,3.4821,0.5393
G10,575,1,4.1299,-1.3057
G10,576,0,4.0629,-2.161
G10,577,1,4.9807,-2.5707
G10,578,0,3.6655,-1.791
G10,579,1,5.0056,-1.5718
G10,580,0,4.557,0.7111
G10,581,1,4.6106,1.5242
G10,582,0,3.8639,2.656
G10,583,1,5.86,2.4114
G10,584,0,3.1712,1.7904
G10,585,1,5.5015,-0.0096
G10,586,0,4.0492,-1.6584
G10,587,1,5.1187,-2.0787
G10,588,0,4.0325,-2.7153
G10,589,1,5.7707,-2.6815
G10,590,0,4.8607,-0.993
G10,591,1,4.6515,1.3044
G10,592,0,3.6163,2.8173
G10,593,1,4.4177,2.8822
G10,594,0,3.3819,2.2165
G10,595,1,4.998,0.8323
G10,596,0,3.4106,-1.0686
G10,597,1,5.2118,-1.7515
G10,598,0,3.3954,-3.0845
G10,599,1,5.4108,-2.3173
G10,600,0,4.2248,-1.519
G10,601,1,4.0552,0.2754
G10,602,0,3.3243,1.8512
G10,603,1,4.7209,3.0231
G10,604,0,3.6103,2.6092
G10,605,1,5.1876,1.6687
G10,606,0,3.7737,0.2046
G10,607,1,4.6551,-0.9315
G10,608,0,3.6648,-3.0709
G10,609,1,5.23,-2.9675
G10,610,0,4.1929,-1.0039
G10,611,1,4.6853,-0.2577
G10,612,0,2.8213,1.3368
G10,613,1,4.6411,2.1542
G10,614,0,3.2079,3.0302
G10,615,1,5.7359,2.2383
G10,616,0,3.3558,1.501
G10,617,1,4.7435,-1.5544
G10,618,0,4.1246,-2.5375
G10,619,1,5.7502,-2.8299
G10,620,0,4.2202,-1.8591
G10,621,1,4.5064,-1.4483
G10,622,0,3.8442,0.9235
G10,623,1,4.8336,1.6006
G10,624,0,4.1734,2.4173
G10,625,1,5.3097,2.0255
G10,626,0,5.1785,1.1083
G10,627,1,5.0511,0.1662
G10,628,0,5.0186,-1.9593
G10,629,1,6.3817,-2.1466
G10,630,0,4.176,-3.0954
G10,631,1,5.5866,-2.2135
G10,632,0,4.6742,-0.9528
G10,633,1,5.2078,0.8674
G10,634,0,3.3979,2.5802
G10,635,1,5.5912,3.2745
G10,636,0,2.9574,2.6783
G10,637,1,6.73,0.8582
G10,638,0,5.071,-0.7239
G10,639,1,4.5254,-2.0844
G10,640,0,4.5993,-3.0457
G10,641,1,4.9793,-2.1888
G10,642,0,4.0142,-1.1519
G10,643,1,5.471,0.4245
G10,644,0,3.7778,1.7808
G10,645,1,4.8173,3.1742
G10,646,0,3.6749,3.0823
G10,647,1,5.2265,1.8763
G10,648,0,3.767,-0.148
G10,649,1,4.375,-1.6912
G10,650,0,3.8773,-2.3583
G10,651,1,5.9627,-2.8494
G10,652,0,3.5708,-2.6367
G10,653,1,5.672,-0.0894
G10,654,0,4.8115,1.2019
G10,655,1,5.7751,2.938
G10,656,0,4.2899,2.9985
G10,657,1,5.2391,1.8321
G10,658,0,3.7215,1.1028
G10,659,1,5.4698,0.3238
G10,660,0,4.1715,-1.4538
G10,661,1,5.1988,-2.7638
G10,662,0,3.3777,-2.8235
G10,663,1,5.7613,-1.4408
G10,664,0,4.6891,0.1278
G10,665,1,5.271,2.4917
G10,666,0,4.1088,3.0322
G10,667,1,5.2556,2.9983
G10,668,0,4.7056,1.9257
G10,669,1,4.1514,0.4413
G10,670,0,4.891,-0.997
G10,671,1,5.7649,-3.018
G10,672,0,3.7881,-2.5708
G10,673,1,5.7572,-1.6101
G10,674,0,4.1297,-0.6519
G10,675,1,5.5444,0.4543
G10,676,0,2.9353,2.3052
G10,677,1,5.647,2.537
G10,678,0,3.3118,2.6411
G10,679,1,5.408,1.4942
G10,680,0,5.3157,-1.2205
G10,681,1,5.1725,-1.8635
G10,682,0,5.0943,-3.3135
G10,683,1,6.6918,-2.4705
G10,684,0,4.2201,-1.6784
G10,685,1,5.3481,0.3952
G10,686,0,3.6766,1.6172
G10,687,1,5.3904,2.2675
G10,688,0,5.7785,2.8598
G10,689,1,5.9731,2.4388
G10,690,0,3.4999,1.2084
G10,691,1,4.2006,-1.3473
G10,692,0,4.0626,-2.084
G10,693,1,5.7726,-2.7581
G10,694,0,4.3306,-2.6112
G10,695,1,4.804,-0.5955
G10,696,0,4.7466,1.3055
G10,697,1,5.2208,2.3768
G10,698,0,4.2003,3.194
G10,699,1,6.2693,2.5845
G10,700,0,4.1809,1.7184
G10,701,1,6.0674,-0.4627
G10,702,0,3.6284,-1.8478
G10,703,1,6.5764,-2.1209
G10,704,0,3.764,-3.0813
G10,705,1,6.4513,-2.1042
G10,706,0,4.7037,-0.4457
G10,707,1,6.6595,1.1133
G10,708,0,5.0787,2.5416
G10,709,1,5.8917,1.9792
G10,710,0,3.178,1.9361
G10,711,1,5.9012,0.2371
G10,712,0,3.8276,-0.7486
G10,713,1,6.0943,-2.2496
G10,714,0,4.9086,-3.2104
G10,715,1,5.5815,-1.5876
G10,716,0,4.5141,-1.0039
G10,717,1,7.1159,0.0419
G10,718,0,4.9428,2.6265
G10,719,1,5.6243,3.0926
